,date,tic,open,high,low,close,volume,day,close_20_sma,close_60_sma,turbulence,close_ma60_diff,open_z,high_z,low_z,close_z,close_60_sma_z,close_20_sma_z
0,2024-05-20,000300.SH,3682.0615,3703.0287,3677.4426,3690.9623,18460942300.0,0.0,3612.4050200000006,3560.261925,0.18229178761447581,0.03671088750022243,1.692857964999786,1.8535606986413131,1.6574564876247984,1.7610779892088628,0.7593272761678871,1.1589771057602964
1,2024-05-21,000300.SH,3682.2868,3684.6106,3665.1524,3676.1611,13067828300.0,1.0,3617.7229850000003,3564.6837066666662,0.16806345006553441,0.03127273062820376,1.6734124938680033,1.6910726388734818,1.5431964733060555,1.6268591113651825,0.7796661812079669,1.1827479207520621
2,2024-05-22,000300.SH,3675.6471,3691.8804,3667.0885,3684.451,15191460500.0,2.0,3624.86244,3568.4767016666665,0.08075179052231003,0.032499665271505745,1.6020553929374937,1.724350834014301,1.537578191013054,1.6683805907528546,0.7946748150788769,1.2194632893827158
3,2024-05-23,000300.SH,3672.8403,3674.3654,3633.5051,3641.7917,14257299000.0,3.0,3630.4067999999997,3571.061985,1.5565868222216568,0.01980635320727999,1.570372693754538,1.5818132171555594,1.2753000584625767,1.3374619109410304,0.8068836146949327,1.2520581899599348
4,2024-05-24,000300.SH,3630.827,3650.8734,3599.6678,3601.4754,12479117700.0,4.0,3635.1693250000003,3572.9242149999995,1.411789089011158,0.007990985333563887,1.2479714371756376,1.397908152994147,1.0149167183467125,1.0284366325215013,0.8148885185645424,1.280449784884784
5,2024-05-27,000300.SH,3606.645,3638.1514,3603.7131,3635.7079,13127264400.0,0.0,3640.8736249999993,3575.9633716666667,1.1971374645476924,0.016707253996700682,1.0575356174678763,1.2920909023874119,1.0357085397993522,1.2738998098252354,0.8291204994118552,1.3123570153197004
6,2024-05-28,000300.SH,3633.2535,3638.9703,3605.9213,3609.1724,12353223800.0,1.0,3644.8181800000007,3577.869788333334,0.5932118577450052,0.008748952175044815,1.2467289931026169,1.2891362689240193,1.0439784780932233,1.0680951682735613,0.8358921024187954,1.3325158974103206
7,2024-05-29,000300.SH,3609.0708,3633.1971,3602.8198,3613.5223,11590632100.0,2.0,3646.2808649999997,3580.59083,0.028024977778732897,0.00919721676212861,1.0562544193092902,1.2344126176406045,1.0100945482238357,1.0891260664276579,0.8459469895032332,1.331028344038365
8,2024-05-30,000300.SH,3607.0522,3624.0352,3586.7543,3594.3121,12260299500.0,3.0,3644.8008499999996,3581.8946549999996,0.3051814571564356,0.00346672534957634,1.0334568590015771,1.1584756381625958,0.8840357509798799,0.939671794620177,0.8482619250918733,1.3113400444209145
9,2024-05-31,000300.SH,3599.8196,3614.6439,3579.9247,3579.9247,11246201900.0,4.0,3643.57737,3582.59667,0.1647549578209486,-0.0007458193724050645,0.9718787169479072,1.0807023368284254,0.8258323582557016,0.8258323582557016,0.8454470076902199,1.2930998828241433
10,2024-06-03,000300.SH,3577.3798,3600.6044,3567.8713,3588.7483,14105459100.0,0.0,3640.1209499999995,3583.3946650000003,0.09926871372332167,0.0014940121031853854,0.7989929497272634,0.968951308189454,0.7294094455361126,0.8821879928357527,0.8430099223240659,1.2581346728152802
11,2024-06-04,000300.SH,3583.8104,3622.5012,3580.2771,3615.6714,12454509600.0,1.0,3637.9541400000003,3584.2306166666667,0.7658182668488016,0.008771975549545797,0.8339508066790849,1.1157385579519241,0.8082175403322447,1.0659966559069105,0.8370112734967116,1.2282833803167785
12,2024-06-05,000300.SH,3610.3601,3623.3232,3594.1056,3594.7936,11090676600.0,2.0,3636.1826550000005,3584.9597083333338,0.37081404193655915,0.0027430968453584187,1.0156363154869068,1.1097227452481069,0.8976608410592289,0.9026543583256016,0.8312797829867519,1.2030569176007757
13,2024-06-06,000300.SH,3602.1554,3625.0109,3584.171,3592.2454,13789351700.0,3.0,3632.5668750000004,3586.0018066666667,0.0015695459571543303,0.001741101558210538,0.9422963027662772,1.1078630361312944,0.812016135649835,0.8705076161198524,0.8252786186068004,1.1625990120730925
14,2024-06-07,000300.SH,3594.6335,3603.0698,3552.0853,3574.1143,13110302600.0,4.0,3627.958735,3586.488546666667,0.2822829491488389,-0.0034502401180585254,0.8763249493090706,0.9373720755301773,0.5684357874868515,0.7278430090798145,0.8173860786898435,1.117474484934047
15,2024-06-11,000300.SH,3555.8186,3565.3113,3525.8945,3542.8771,13452230600.0,1.0,3621.8680550000004,3585.71544,0.9068260997768117,-0.011946943564489821,0.5865866075165692,0.6553105814239568,0.3699461292962402,0.4928944747911622,0.8030297324518755,1.0647625766314994
16,2024-06-12,000300.SH,3539.0947,3551.1706,3531.5657,3544.1225,12281372900.0,2.0,3616.22191,3584.8259166666667,0.005192859340482196,-0.011354363534761153,0.4568886662554724,0.5443342334457957,0.40236869876849807,0.49329662116728024,0.7880434604919502,1.0153921835301503
17,2024-06-13,000300.SH,3548.2162,3551.0771,3520.1802,3526.1306,12324546200.0,3.0,3611.225645,3584.05541,0.28829237702543037,-0.016161806493945913,0.5165918490459037,0.5373121249194928,0.3135390843942494,0.35663528823157414,0.7761599284235333,0.9729423272316778
18,2024-06-14,000300.SH,3514.7998,3547.1473,3503.5233,3541.5331,17151694200.0,4.0,3606.2843400000006,3583.71058,0.273243806597073,-0.01176922049324637,0.2675546306890156,0.5017532102686004,0.1859118365741953,0.46110593720342724,0.7664743862720171,0.9299102786213659
19,2024-06-17,000300.SH,3521.4365,3540.7932,3520.7381,3536.1986,13743343800.0,0.0,3599.1957899999993,3583.14734,0.01892196232221979,-0.013102654048270261,0.30613011298511694,0.446538633742794,0.3010640991037669,0.4132105876671096,0.7537646663497707,0.870175992916459
20,2024-06-18,000300.SH,3533.4875,3551.7085,3532.7845,3545.5902,12367183800.0,1.0,3591.9271849999996,3582.18171,0.1062376681469696,-0.010214867073284159,0.38286680693184577,0.515392439038588,0.3777537220643283,0.47089259957211016,0.7370312852913432,0.8079124243372472
21,2024-06-19,000300.SH,3543.3599,3543.3599,3524.8449,3528.749,10664279700.0,2.0,3584.5565799999995,3581.367021666667,0.2565006547310485,-0.014692161218980617,0.445049636887143,0.445049636887143,0.30986180461080215,0.33836770879605904,0.7225597848309665,0.7458484414338383
22,2024-06-20,000300.SH,3525.1687,3533.9865,3500.131,3503.2817,11161739600.0,3.0,3575.498115,3579.9986533333336,0.6068420151860655,-0.021429324634494613,0.30322645586387426,0.36794766587872374,0.11945383230824229,0.1425794550705866,0.7056693469241322,0.6726361315357614
23,2024-06-21,000300.SH,3496.3428,3505.5123,3473.8283,3495.6198,10918661500.0,4.0,3568.18952,3578.5741466666664,0.043938628347706336,-0.023180837749005673,0.08218615347494956,0.1498345682953567,-0.08391562257325876,0.07685218718287785,0.6888517568936067,0.6122386882964402
24,2024-06-24,000300.SH,3473.6392,3505.7752,3471.2164,3476.8102,11799018400.0,0.0,3561.95626,3577.4376116666667,0.32992810616106893,-0.028128348440935143,-0.09712463532419834,0.14190479351723337,-0.1151455620169133,-0.07353855370681789,0.6749339611200124,0.5597827709726165
25,2024-06-25,000300.SH,3475.1648,3483.2189,3440.6464,3457.9023,11844811800.0,1.0,3553.0659800000003,3576.3065933333337,0.3371221854292232,-0.03310798172451248,-0.09416885042854732,-0.03393078863462436,-0.35233816943717505,-0.22327819122610454,0.6622888042767164,0.488468079167513
26,2024-06-26,000300.SH,3451.5389,3487.3964,3442.2982,3480.2648,10589886100.0,2.0,3546.6205999999997,3575.2485616666663,0.5965392077452832,-0.026567037236255264,-0.28129584272362307,-0.011664090750718715,-0.3507816164238522,-0.06529041167019176,0.6489433767188482,0.43367439646098194
27,2024-06-27,000300.SH,3467.2888,3471.1423,3452.5775,3454.1175,11491810100.0,3.0,3538.6503599999996,3574.43741,0.6568936845287253,-0.03366121607372058,-0.17031453678151579,-0.14120699111020008,-0.2814368506869021,-0.2698044073668494,0.6390361987038519,0.3687174774591071
28,2024-06-28,000300.SH,3443.6744,3484.678,3443.6744,3461.657,13540915300.0,4.0,3532.017605,3573.4489466666664,0.08422741024613802,-0.03128404752247725,-0.359602642685465,-0.047886215584623575,-0.359602642685465,-0.2228958212848154,0.6269658053426276,0.3119976124442608
29,2024-07-01,000300.SH,3458.2636,3479.9548,3443.8086,3478.1827,12182977000.0,0.0,3526.9305050000003,3572.4605866666666,0.3419751124578468,-0.02639018244694871,-0.25918719654277217,-0.09332107733050177,-0.3697202584855628,-0.1068717960485114,0.6140430076015607,0.2658880897792287
30,2024-07-02,000300.SH,3472.4527,3488.3189,3464.5237,3471.7857,12165012100.0,1.0,3521.0823750000004,3570.3962383333333,0.02723820763639423,-0.02761893407644999,-0.15454939286439895,-0.03305693800691482,-0.2152642253110417,-0.15965682043936522,0.5954349076955642,0.2178232354064883
31,2024-07-03,000300.SH,3471.5556,3478.7047,3454.9942,3463.4141,10385710800.0,2.0,3513.46951,3568.4418749999995,0.049832834519541944,-0.02943239057242584,-0.16359867761544766,-0.10881608634969073,-0.29050645719452145,-0.22598589653673745,0.5788278099965544,0.15758197447779862
32,2024-07-04,000300.SH,3468.2958,3483.3098,3444.928,3445.8128,10442990900.0,3.0,3506.0204699999995,3566.4087033333335,0.2734533133737963,-0.033814381178640225,-0.19281156746808165,-0.07750026044368968,-0.37228216559546695,-0.36548667841981675,0.5607202774316407,0.09692341353390233
33,2024-07-05,000300.SH,3443.3588,3451.0386,3399.6693,3431.0605,11660965900.0,4.0,3497.961225,3564.6529166666664,0.18786153629851182,-0.037476977363504346,-0.3886160282483262,-0.329495542291021,-0.7249456815246771,-0.48329056045603114,0.5451279652274797,0.03172329054218375
34,2024-07-08,000300.SH,3420.8033,3428.0418,3395.9123,3401.7604,11552821800.0,0.0,3489.3435299999996,3562.4574716666666,0.8428686582761037,-0.04510848843663127,-0.5676155209923092,-0.511709681201317,-0.7598587009657294,-0.714691478242553,0.5264364824507294,-0.03825182442288622
35,2024-07-09,000300.SH,3396.8044,3448.9279,3384.8086,3439.8111,13162944300.0,1.0,3484.19023,3561.375846666667,1.7829160138108868,-0.0341342087722776,-0.7647886722083055,-0.35973123514615923,-0.8580093500889187,-0.4305788881665485,0.5141140952652826,-0.0857038000230458
36,2024-07-10,000300.SH,3425.8818,3447.505,3423.6483,3428.9657,12720345600.0,2.0,3478.4323900000004,3560.1211966666665,0.10213845274662053,-0.036840177460662545,-0.5536611984021662,-0.38391370382951073,-0.5711947285516387,-0.5294518168808083,0.5001514314172639,-0.1411260051460851
37,2024-07-11,000300.SH,3451.0442,3473.9837,3438.118,3468.169,14589246600.0,3.0,3475.53431,3559.993365,1.8572317932355726,-0.025793409027884507,-0.3715920864561351,-0.1895666434713477,-0.4741617711096757,-0.23570641736893438,0.4929219623220572,-0.17726251861480785
38,2024-07-12,000300.SH,3459.9564,3479.0958,3457.3633,3472.4014,13087458900.0,4.0,3472.077725,3558.7154566666663,0.03308478223839493,-0.02425427312683036,-0.317882501828068,-0.16402824358847634,-0.33872743307152875,-0.21784194445470514,0.4760034824709031,-0.2204438430009351
39,2024-07-15,000300.SH,3462.6113,3481.4613,3460.7915,3476.2467,11851708300.0,0.0,3469.0801300000007,3558.134325,0.027632317885792682,-0.023014202815403784,-0.31215543509642374,-0.1589002585155365,-0.3269508605787544,-0.2012962502289936,0.46447045688848715,-0.2595622423154235
40,2024-07-16,000300.SH,3466.8523,3500.2943,3464.3655,3498.2827,12065901700.0,1.0,3466.714755,3557.0156533333334,0.5906645096991403,-0.016511862487389853,-0.29610545793781856,-0.020562566135064624,-0.3165952630731312,-0.03713699592844927,0.44678884001386326,-0.29723874981788023
41,2024-07-17,000300.SH,3494.209,3514.4753,3486.2229,3501.5836,13180206200.0,2.0,3465.3564850000002,3555.8786833333334,0.023458501619288558,-0.015269104536051384,-0.08709500884843775,0.08230304679132543,-0.15384768753890585,-0.025453618899557075,0.42837769453533187,-0.3282618691691167
42,2024-07-18,000300.SH,3483.2975,3522.7995,3475.7236,3520.931,12376819900.0,3.0,3466.23895,3555.533168333334,0.463840747975629,-0.009731921119879092,-0.196039795855116,0.1382548074909752,-0.260135636477947,0.12244220391768308,0.4152708743117521,-0.3404016308485223
43,2024-07-19,000300.SH,3500.8052,3545.3383,3493.0734,3539.0156,13244797500.0,4.0,3468.40874,3555.6683533333335,0.3975657869305986,-0.004683438295847202,-0.07140128747405848,0.314479260906045,-0.13839754922015543,0.2596928897968529,0.4039894599504068,-0.35211751316627465
44,2024-07-22,000300.SH,3538.4012,3540.1874,3494.0143,3514.9249,13212633700.0,0.0,3470.314475,3555.8133533333335,0.5642592770852036,-0.011499043754645706,0.24127537033098856,0.25703039632813585,-0.15023552622750114,0.03420465214891222,0.3948577958337239,-0.3592778277630712
45,2024-07-23,000300.SH,3509.7887,3509.7887,3439.8779,3439.8779,12889766000.0,1.0,3469.4132550000004,3554.4509533333335,5.878744556768129,-0.03223368526885647,-0.024024823687490954,-0.024024823687490954,-0.6517188438707563,-0.6517188438707563,0.3769751555037563,-0.38653570024358924
46,2024-07-24,000300.SH,3432.3459,3451.4196,3408.4129,3418.1663,12703626300.0,2.0,3466.30833,3552.5823700000005,0.4532304453563836,-0.037836158602566235,-0.7543538747309411,-0.578412717021247,-0.9751185783524736,-0.8851504815696938,0.3547410429162181,-0.44107489619849394
47,2024-07-25,000300.SH,3404.611,3415.8557,3383.7991,3399.2716,13102224200.0,3.0,3463.5660350000007,3549.4990866666662,0.33442778831565695,-0.042323573833553174,-1.0483458611895735,-0.9420570750843676,-1.2450671243217928,-1.0988157131669594,0.32118634979921007,-0.4910825189092181
48,2024-07-26,000300.SH,3403.7084,3420.8201,3388.6601,3409.2931,12419555800.0,4.0,3460.94784,3545.9220983333335,0.1500163633580077,-0.038531302872545456,-1.0860857533715353,-0.9214915426167666,-1.2308325091994765,-1.0323675787423552,0.28184095383417046,-0.5355103896820745
49,2024-07-29,000300.SH,3404.3663,3408.5024,3388.8444,3390.742,10978778600.0,0.0,3456.5758049999995,3542.361226666667,0.32160360251867065,-0.0428017406935484,-1.0896850254124688,-1.0496769123178018,-1.2398269297774895,-1.2214716203293488,0.24512714851240328,-0.5846673080805135
50,2024-07-30,000300.SH,3380.6893,3380.6893,3352.8043,3369.3821,10495216400.0,1.0,3451.455625,3537.552983333333,0.43890682350311067,-0.04753876030285508,-1.3277376412412345,-1.3277376412412345,-1.5987240485731875,-1.4376210016494786,0.19666350587573572,-0.6400305524180241
51,2024-07-31,000300.SH,3364.0268,3445.0042,3364.0268,3442.0844,17195917700.0,2.0,3450.38914,3533.937596666667,6.410123409834068,-0.02599174268196078,-1.5252662643818446,-0.7255255725660621,-1.5252662643818446,-0.7543618018345181,0.15278931746162563,-0.6723433804854719
52,2024-08-01,000300.SH,3443.1397,3448.3361,3419.1872,3419.2666,13632346400.0,3.0,3449.06183,3530.4216516666665,0.49572299466145564,-0.03148492237866028,-0.7793817735926692,-0.7266333658569547,-1.0225224548892913,-1.0217164692888332,0.10661314105639863,-0.7192665153554445
53,2024-08-02,000300.SH,3393.9167,3419.1023,3380.9645,3384.3919,11661525500.0,4.0,3446.7284,3525.7521666666667,1.2204840525549348,-0.0400936481024167,-1.3372725469896651,-1.0729307555284036,-1.4732156157021288,-1.4372424780340032,0.04643971068131779,-0.7829740832598057
54,2024-08-05,000300.SH,3362.1117,3409.0314,3343.3205,3343.3205,14281251600.0,0.0,3443.8064050000003,3520.3695566666665,1.7440105077742771,-0.05029274734278444,-1.7313639510662833,-1.2244766264247675,-1.9343708137445128,-1.9343708137445128,-0.021657760078974606,-0.8487920152945692
55,2024-08-06,000300.SH,3367.3517,3376.7956,3318.6251,3342.9789,11934027900.0,1.0,3438.964795,3515.007693333333,0.0019216652362065221,-0.04894122811156511,-1.7651011749356336,-1.6585080801765757,-2.3150772537893736,-2.0401964406567488,-0.09851117619325363,-0.9568057227046088
56,2024-08-07,000300.SH,3338.5909,3362.3839,3329.9658,3341.489,9508437700.0,2.0,3434.59096,3509.7484199999994,1.063912744132589e-05,-0.04794059284739259,-2.1883945490011567,-1.9089376380198948,-2.289699294216328,-2.154355374718184,-0.17809102147566494,-1.060841057570226
57,2024-08-08,000300.SH,3332.4281,3364.7855,3320.8432,3342.9369,9249569500.0,3.0,3428.3293550000003,3505.02977,0.013916155330153775,-0.046245789803947925,-2.2802264793995213,-1.8974263140578076,-2.4172801869120946,-2.1559034380691595,-0.23828405466032263,-1.1456787014421432
58,2024-08-09,000300.SH,3358.128,3366.6688,3331.6274,3331.6274,9151162600.0,4.0,3421.290655,3499.88424,0.10413913853953512,-0.04807497290253235,-1.9697969415993664,-1.8690224550344225,-2.2824824463135682,-2.2824824463135682,-0.2971887194916806,-1.2245290360514292
59,2024-08-12,000300.SH,3327.5561,3338.0771,3319.8908,3325.8645,7993875400.0,0.0,3413.7715450000005,3494.015821666667,0.017230619346045292,-0.04812551809981717,-2.307822378394065,-2.1846892503974202,-2.3975336573630432,-2.3276201161869627,-0.3596514617257655,-1.2987949642250154
60,2024-08-13,000300.SH,3328.0138,3335.014,3310.1909,3334.3903,8448967900.0,1.0,3405.576925,3488.0729550000005,0.1445366661455406,-0.04405947266088662,-2.2677179137020502,-2.186789112485325,-2.4737671596101074,-2.1939996626580176,-0.4172857063491102,-1.3710162873380907
61,2024-08-14,000300.SH,3332.7866,3332.7866,3309.1,3309.2389,7874240700.0,2.0,3395.9596899999997,3481.9575850000006,0.6409134630737765,-0.04960390262766532,-2.1627153961790992,-2.1627153961790992,-2.431577447992905,-2.430000820743873,-0.46950416712188536,-1.4456497727119004
62,2024-08-15,000300.SH,3301.4455,3356.7644,3297.9711,3341.953,10476639900.0,3.0,3387.0107900000003,3476.249285,1.5347910577584447,-0.03863252430701324,-2.469947191892487,-1.8514594494690342,-2.5087923933024174,-2.017056909796892,-0.5155699654522605,-1.5132925396505206
63,2024-08-16,000300.SH,3342.0346,3356.9071,3335.6239,3345.634,9651908300.0,4.0,3377.3417099999997,3471.3133233333338,0.04157884827857814,-0.03620512227707811,-1.9723775517663307,-1.8086394269819495,-2.042955867218018,-1.9327501181573938,-0.5490892187275699,-1.5836655004665594
64,2024-08-19,000300.SH,3344.2614,3375.9621,3343.7116,3356.9677,10557111000.0,0.0,3369.4438499999997,3467.238195,0.22591763559092293,-0.03180355337542645,-1.9107064730442873,-1.5662018668081716,-1.91668137683217,-1.7726218604578772,-0.5742668254133488,-1.6370383830238615
65,2024-08-20,000300.SH,3361.6394,3362.3338,3321.6397,3332.7034,10166833100.0,1.0,3364.085125,3462.18812,0.5865404238776819,-0.03739967775061279,-1.6855745968462732,-1.6781400810497182,-2.113826903164708,-1.9953746387373457,-0.609060992060073,-1.6593897161629012
66,2024-08-21,000300.SH,3322.9134,3339.443,3307.9917,3321.635,8995475100.0,2.0,3359.2585599999998,3457.39583,0.09557950840353922,-0.03926678826358153,-2.0474674977374274,-1.8736593555730625,-2.2043686299447365,-2.0609098271914292,-0.6333896427349572,-1.665299463649098
67,2024-08-22,000300.SH,3322.8723,3327.6962,3305.2453,3313.1357,10036650400.0,3.0,3354.9517650000003,3452.389386666667,0.04824281157057645,-0.040335452079789544,-2.0016565750704216,-1.9517862081057336,-2.1838877487030786,-2.102315339760486,-0.6626850706312428,-1.6700131555175872
68,2024-08-23,000300.SH,3305.9307,3336.2414,3305.6403,3327.1905,8952577400.0,4.0,3350.8466350000003,3447.9373600000004,0.33123296393916335,-0.035020027161978426,-2.126853932601735,-1.8183804218746176,-2.1298093479341134,-1.9104918841054463,-0.681645047395115,-1.669742214395255
69,2024-08-26,000300.SH,3330.7184,3336.5271,3311.5701,3324.2231,9399077200.0,0.0,3347.52069,3443.675666666667,0.000672548369653467,-0.034687519449905654,-1.8284734058307945,-1.7702496178221578,-2.0204073256279735,-1.8935793624566364,-0.6962407292533315,-1.6600548317919075
70,2024-08-27,000300.SH,3315.686,3320.5667,3299.5635,3305.3338,9580815700.0,1.0,3344.318275,3438.9520916666665,0.36543561004215636,-0.03885436263868084,-1.9256716303158312,-1.877593715484645,-2.08448823077598,-2.0276472055233734,-0.7114243590794183,-1.643626005943674
71,2024-08-28,000300.SH,3298.9089,3305.3496,3274.5881,3286.4956,9269665000.0,2.0,3336.5388350000003,3433.4658283333333,0.36919507934782203,-0.04280521073503013,-2.0296047033520965,-1.9673387359420127,-2.2647279260122324,-2.149611245071407,-0.7287651495141316,-1.6658143845430295
72,2024-08-29,000300.SH,3273.541,3290.7857,3269.5288,3277.6812,13070233300.0,3.0,3329.459565,3428.1806216666664,0.06154354655106063,-0.04390066868574114,-2.2089916987031835,-2.045521177120075,-2.247025206197995,-2.169744819751484,-0.7430908937448564,-1.67891364650575
73,2024-08-30,000300.SH,3273.7532,3351.6254,3273.6496,3321.4323,18869544300.0,4.0,3326.3115850000004,3423.6670700000004,2.7275002836371143,-0.02986118916054547,-2.163431289738827,-1.4343753296102904,-2.1644012147887066,-1.7170494997217929,-0.7599060210365797,-1.671368604480409
74,2024-09-02,000300.SH,3307.5432,3307.7627,3264.7565,3265.011,14761235300.0,0.0,3322.39611,3418.5153483333333,3.7750949513985343,-0.044903805509655836,-1.7891980274748909,-1.7871836066188531,-2.1818650928096237,-2.179529465894538,-0.7707715580360109,-1.6528881792888677
75,2024-09-03,000300.SH,3261.741,3281.5935,3261.1877,3273.4282,12289730600.0,1.0,3318.9185749999997,3414.0245333333337,0.13533858529007659,-0.04118199267773291,-2.152046104986622,-1.9726328554814232,-2.1570464500792417,-2.0464252245122667,-0.7758122018778587,-1.6353144827940926
76,2024-09-04,000300.SH,3253.898,3272.9861,3249.9809,3252.1649,10483248200.0,2.0,3314.4523700000004,3409.1585733333336,0.5055590187607525,-0.04605056349134018,-2.159569567120824,-1.989997145304919,-2.194367799186619,-2.1749658592740047,-0.7802855402842437,-1.621624398537442
77,2024-09-05,000300.SH,3252.96,3266.882,3247.1725,3257.7578,9710945000.0,3.0,3310.193415,3404.6856933333333,0.071399105894706,-0.04315461295620647,-2.109422857194565,-1.987773721251193,-2.1599934917493884,-2.0675001288201154,-0.7836579172140303,-1.6093226214641791
78,2024-09-06,000300.SH,3261.1542,3274.8144,3231.0685,3231.3457,8840041700.0,4.0,3305.17933,3399.5159033333334,0.8290555986028846,-0.04946886795512189,-1.9738194812249166,-1.8568235556910955,-2.2314953803210367,-2.22912123714905,-0.788788841855141,-1.5967561270209745
79,2024-09-09,000300.SH,3214.7996,3222.9278,3180.9277,3192.9516,10867306900.0,0.0,3298.533685,3393.79512,1.8308791672063158,-0.05917962425498459,-2.286926541488636,-2.219003548102262,-2.56997578236409,-2.4694985204637443,-0.7911573033854374,-1.5872058528159907
80,2024-09-10,000300.SH,3193.4557,3205.0972,3171.7932,3195.7552,9729007800.0,1.0,3291.60193,3387.964536666667,0.029144778345916868,-0.056732983650347395,-2.3876186283100385,-2.292303808146841,-2.5649804194697023,-2.3687914643736665,-0.7950768779311498,-1.584046042118769
81,2024-09-11,000300.SH,3187.0508,3197.3363,3174.0343,3186.1299,10248211000.0,2.0,3285.44648,3382.2542183333335,0.08260282073219556,-0.05798627355396643,-2.361042604353278,-2.2786551754727893,-2.465305495610183,-2.3684190647349848,-0.7974523321092641,-1.5728877175565898
82,2024-09-12,000300.SH,3189.4271,3201.5544,3171.8775,3172.4747,9286865700.0,3.0,3276.972565,3376.7407683333336,0.18880894517784572,-0.060492078707644906,-2.2640196017687635,-2.1689957323666564,-2.401530086250815,-2.3968507054482497,-0.7963170169447585,-1.5780541492025135
83,2024-09-13,000300.SH,3174.0344,3188.9145,3159.247,3159.247,8833667700.0,4.0,3267.653215,3371.134555,0.1752394338323032,-0.06285348494492242,-2.304306638556825,-2.1903237956057398,-2.417579391552767,-2.417579391552767,-0.7945025369042935,-1.5871784816619245
84,2024-09-18,000300.SH,3158.8179,3179.9012,3145.7908,3171.0102,8472281400.0,2.0,3258.3553399999996,3366.0378883333333,0.2752746747118171,-0.057939837519149114,-2.347601289638188,-2.1894292137221725,-2.4453337817132197,-2.25613167144792,-0.7929862281451472,-1.6008470568489206
85,2024-09-19,000300.SH,3178.3959,3213.8378,3149.7925,3196.0357,12543927200.0,3.0,3251.5219549999997,3361.673445,1.052946262164623,-0.049272407837936204,-2.143817850879568,-1.882350144282553,-2.354835471235054,-2.013682670462321,-0.7917131566650514,-1.604340512098712
86,2024-09-20,000300.SH,3192.4322,3207.9875,3173.2238,3201.0497,11806409800.0,4.0,3245.49269,3357.0198600000003,0.07482381658493394,-0.04646089880445339,-1.9897388061933026,-1.8766560270140666,-2.1293786238494348,-1.9270919366647787,-0.793231505697189,-1.604003547226131
87,2024-09-23,000300.SH,3200.8678,3230.1613,3198.0248,3212.7639,9534485500.0,0.0,3240.4741,3352.9973,0.27202742332099245,-0.04182329642794525,-1.8850062344465173,-1.67493005558915,-1.9053945996637653,-1.799694229008277,-0.7940207239584695,-1.6009725695488959
88,2024-09-24,000300.SH,3244.6468,3351.9684,3222.4885,3351.909,20407221700.0,1.0,3241.710025,3351.1681666666673,28.045450570918042,0.00022106719104750884,-1.5579231588006386,-0.7897643024169143,-1.7165221210543462,-0.7901894604099862,-0.7954920060867549,-1.578943249122218
89,2024-09-25,000300.SH,3403.7021,3465.4882,3393.438,3401.533,24156425500.0,2.0,3245.57552,3349.890671666667,3.0558959224648734,0.015416123508185822,-0.4115563174641721,0.0308814474542377,-0.4850554614933147,-0.42708880383059683,-0.7968890715766197,-1.543868773330336
90,2024-09-26,000300.SH,3399.3188,3545.3249,3391.6772,3545.3204,24313401000.0,3.0,3257.57485,3351.11625,23.685779602188358,0.0579520779083686,-0.44098968439766806,0.6070224006178723,-0.49584005810708615,0.6069901002250628,-0.7869810842677131,-1.4584086318104028
91,2024-09-27,000300.SH,3617.9203,3708.4951,3596.5833,3703.6849,26548777400.0,4.0,3278.434315,3355.1207633333333,24.07219521331377,0.10389019092128482,1.110099876557183,1.7540586994120444,0.9584004038202354,1.7198596646949225,-0.7583235732176996,-1.3035405099114994
92,2024-09-30,000300.SH,3846.6515,4038.6968,3796.5045,4017.8545,51021770700.0,0.0,3315.44298,3364.654791666667,78.57609542843348,0.19413572826286096,2.5537064777051244,3.84051285130767,2.2176947178909203,3.700858277722497,-0.6759296359554526,-1.005675133029295
93,2024-10-08,000300.SH,4450.3675,4450.3675,4094.3519,4256.0962,58986789400.0,1.0,3362.1761749999996,3378.405386666667,28.96033396667543,0.2597944038324289,5.90834956329714,5.90834956329714,3.7594098345170655,4.735711862219566,-0.5621027794907834,-0.6600636489506672
94,2024-10-09,000300.SH,4168.8436,4197.6,3942.5118,3955.9839,48226929500.0,2.0,3396.7248200000004,3387.642445,37.78799078720709,0.16776902055848467,4.048067055075629,4.215851578414496,2.727492394150504,2.806097848132001,-0.509995269257238,-0.45700247599522015
95,2024-10-10,000300.SH,3979.6116,4098.4967,3912.7708,3997.7879,39505309900.0,3.0,3432.942805,3396.9420583333335,0.6818904509710634,0.1768784487190999,2.813219794035848,3.481514623140393,2.4374842223518307,2.915395149082466,-0.46216998796837466,-0.2597971688242088
96,2024-10-11,000300.SH,3969.7576,3978.2389,3847.1228,3887.167,27409650500.0,4.0,3464.69291,3404.5787466666666,5.100682649079412,0.1417468324989759,2.6818985835063702,2.728565859794333,2.0071161687681682,2.227454294424666,-0.42792629011217365,-0.09715573971348075
97,2024-10-14,000300.SH,3915.2186,3979.5431,3868.779,3961.3424,30757899300.0,0.0,3499.8721399999995,3412.798303333334,2.2576682351415776,0.1607314725077349,2.2941050686374824,2.638226634107084,2.0456636839118767,2.5408569945973705,-0.39373018873156934,0.0720951963888354
98,2024-10-15,000300.SH,3942.5342,3967.8712,3855.9949,3855.9949,24248644800.0,1.0,3531.1046,3419.1915283333337,4.58076304181937,0.12775048371729672,2.3889611935515807,2.522408469328883,1.9331679333915508,1.9331679333915508,-0.36742882231185087,0.22200538607061826
99,2024-10-16,000300.SH,3806.1373,3877.7483,3805.0868,3831.589,21886640700.0,2.0,3563.03647,3425.1139,0.27084272421447625,0.11867491472327392,1.6345452857282174,2.0067122634842267,1.6290857695905763,1.7668194093649856,-0.3456578566984812,0.3711346198936825
100,2024-10-17,000300.SH,3853.841,3882.0733,3787.7498,3788.2217,21231382000.0,3.0,3592.6597950000005,3429.9462166666667,0.826585171573686,0.10445513156807372,1.8556026322228236,2.0009792576646706,1.5152791152793885,1.5177090706689957,-0.3271594219988529,0.5107018550372939
101,2024-10-18,000300.SH,3780.3143,3998.214,3765.1615,3925.234,31295883400.0,4.0,3629.6150000000002,3437.007056666667,8.095720806090787,0.14205002645727274,1.4333514249924224,2.5335919299999925,1.3568404232596134,2.1650941667839234,-0.30010912946370294,0.67242576086215
102,2024-10-21,000300.SH,3946.9016,3979.2638,3896.165,3935.1974,29118563400.0,0.0,3667.751135,3443.9114966666666,0.029696367951429693,0.14265346360057307,2.213530583656733,2.373722982233029,1.9623851840978,2.1555949713863467,-0.27626278988108166,0.8317400208384365
103,2024-10-22,000300.SH,3923.7443,3965.9084,3917.5218,3957.7755,22343339600.0,1.0,3707.677559999999,3450.8908283333335,0.17731637815016865,0.14688516585483385,2.0382442538067544,2.242638897800212,2.0080800697675065,2.203213860858019,-0.2539597064907169,0.9908393666841304
104,2024-10-23,000300.SH,3955.3191,4012.1795,3939.0986,3973.2089,24587394900.0,2.0,3747.7874950000005,3458.528895,0.07581075353585048,0.14881471880835628,2.1269356216148396,2.3967982936360235,2.0499522118688702,2.2118416235058667,-0.2308587687737594,1.1419788950679834
105,2024-10-24,000300.SH,3950.8987,3957.9832,3914.0887,3928.8334,17472406200.0,3.0,3784.4273799999996,3466.6781533333333,0.8069433184154035,0.13331357173214597,2.0558467978513773,2.088923148503791,1.8839870381625687,1.9528275868907292,-0.2048982927901882,1.2786199287864888
106,2024-10-25,000300.SH,3931.3205,3992.8918,3921.9396,3956.421,21069488500.0,4.0,3822.1959449999995,3475.6490649999996,0.2675421853880575,0.13832579929930305,1.9136573810880384,2.1960759382343387,1.8706285633964577,2.0287897072473156,-0.17644091479793644,1.4131189910860056
107,2024-10-28,000300.SH,3953.1063,3964.1569,3917.2042,3964.1569,21616041500.0,0.0,3859.765595,3485.0638200000003,0.01492435993655072,0.13747038927970037,1.9652338655583539,2.01506354718582,1.8033430892423679,2.01506354718582,-0.1452766738267992,1.5443392885188065
108,2024-10-29,000300.SH,3970.008,3991.3091,3921.5795,3924.649,21729398400.0,1.0,3888.4025950000005,3493.653085,0.6437267226293063,0.12336540134751244,2.003981742011516,2.0987953370743972,1.7884210344188223,1.8020837246106678,-0.11632763248196111,1.6407468938293879
109,2024-10-30,000300.SH,3904.1595,3926.0581,3864.3051,3889.4487,21943662600.0,2.0,3912.79838,3501.9648633333336,0.5257164796507262,0.11064755124294455,1.6823646703920212,1.7788091019798657,1.5068404380541267,1.617576293774224,-0.0889555565172975,1.7204114802865165
110,2024-10-31,000300.SH,3888.4229,3923.8997,3859.1079,3891.0396,30063671800.0,3.0,3930.08434,3510.6591550000003,1.5066757177512565e-05,0.10835014970286962,1.5893920702535809,1.7441654428397286,1.4615005632021294,1.6008078542038295,-0.05866437380066231,1.7711469516294498
111,2024-11-01,000300.SH,3882.4579,3933.2204,3879.9588,3890.0203,30798648100.0,4.0,3939.4011100000002,3518.124753333333,0.0022423068353392504,0.10570845911996316,1.5408338767783791,1.760280327293455,1.5300302594529476,1.5735261562637328,-0.03417948625512258,1.7869995564717471
112,2024-11-04,000300.SH,3897.7144,3944.7619,3891.2109,3944.7619,22923906000.0,0.0,3935.7464800000002,3526.883008333333,1.136941879827103,0.11848391077313915,1.575340870090851,1.7761630504509178,1.547580690485736,1.7761630504509178,-0.007552346774183435,1.7376807442441757
113,2024-11-05,000300.SH,3937.6228,4046.6977,3925.4138,4044.5725,31686279400.0,1.0,3925.170295,3537.886018333333,3.7497306017890035,0.14321729955148826,1.700382224771206,2.1574234437174304,1.6492245684990978,2.1485185169331333,0.025421386387911,1.6482042437312596
114,2024-11-06,000300.SH,4051.2891,4091.7031,4002.5027,4024.2831,33580793800.0,2.0,3928.5852549999995,3549.235395,0.19294389341628895,0.1338450827097085,2.1293572208391405,2.2959749776142395,1.9282219575855,2.0180176073520255,0.059503652577480595,1.623477095101045
115,2024-11-07,000300.SH,3987.2665,4146.151,3984.6652,4145.6952,34143641400.0,3.0,3935.98062,3562.6140000000005,5.253786578577479,0.16366667845576297,1.8037913532999135,2.4428612036700597,1.7933283288905593,2.4410278716722966,0.09574173465046162,1.5975077972720972
116,2024-11-08,000300.SH,4192.0794,4200.908,4094.1631,4104.047,33235038500.0,4.0,3946.8246200000003,3575.3233000000005,0.6917601136788435,0.14788136781924002,2.5602672689447292,2.5950664382361475,2.174316393371136,2.2132751761180494,0.12923630872303285,1.5935610404658214
117,2024-11-11,000300.SH,4066.9336,4132.5111,4048.039,4131.1312,28959422700.0,0.0,3955.3140599999997,3588.459871666667,0.204589955253722,0.15122680697033633,2.006683047527765,2.2596551661498965,1.9337951363918169,2.2543320564478395,0.1609202056763127,1.576098906421016
118,2024-11-12,000300.SH,4133.3528,4181.7096,4060.7936,4085.743,29777808600.0,1.0,3966.8014649999996,3601.0284650000003,0.8087135091991541,0.13460447194771052,2.2102089329102697,2.3935667690840035,1.9350811761832531,2.0296835485038556,0.1917577903983437,1.5786846716389207
119,2024-11-13,000300.SH,4059.5898,4121.0735,4059.5898,4110.8901,24048409900.0,2.0,3980.76652,3614.1122249999994,0.18024687921673482,0.1374550218899194,1.8834253962464111,2.1124937590878807,1.8834253962464111,2.0745537072341373,0.22372016074760714,1.589755371452934
120,2024-11-14,000300.SH,4101.2228,4118.1686,4034.9441,4039.6191,23015278400.0,3.0,3993.3363899999995,3625.866038333333,1.9041289672140924,0.11411151357838159,2.002639055958522,2.0649929648950716,1.7587593911310884,1.7759615606526422,0.2535122971548342,1.6056593096714744
121,2024-11-15,000300.SH,4025.6482,4049.071,3968.8308,3968.8308,24739946300.0,4.0,3995.5162299999997,3636.859236666666,1.917927260915116,0.09127973939337829,1.7006771379993904,1.7861151923943834,1.4934274448891682,1.4934274448891682,0.2825131013578863,1.590766414606442
122,2024-11-18,000300.SH,3982.1036,4034.0596,3931.1872,3950.3806,30677794600.0,0.0,3996.27539,3646.9996966666668,0.15434294993297357,0.08318643503332926,1.5221753737926533,1.7102611597369526,1.3378530412140424,1.4073350206570967,0.30906656958424056,1.5734786354060863
123,2024-11-19,000300.SH,3954.6038,3979.1505,3896.7493,3976.8912,24294646500.0,1.0,3997.231175,3657.52065,0.22394467764098544,0.08731886448816088,1.399846886777695,1.4879114251000387,1.1922862031676797,1.4798058870264204,0.3340217270577638,1.5527782420828222
124,2024-11-20,000300.SH,3966.1238,4001.0847,3958.3383,3985.7727,18459937200.0,2.0,3997.8593649999993,3668.0007333333338,0.01752674950016625,0.08663356137824096,1.4163503385031613,1.5406071610690384,1.3886793834623405,1.4861857798366132,0.35677163779479665,1.5291437868764237
125,2024-11-21,000300.SH,3979.4554,3999.5693,3966.0658,3989.2979,16612592700.0,3.0,4000.88259,3678.943975,0.0010889611632499381,0.08435951379226966,1.4401623161738186,1.5110061291373489,1.3930023761295474,1.474828901425488,0.38172137801147193,1.5156317100106196
126,2024-11-22,000300.SH,3984.2435,3990.2647,3865.6989,3865.6989,21628580900.0,4.0,3996.3464850000005,3688.0117066666667,5.77867861846786,0.04817967172179399,1.4431128485947902,1.4642269000832553,1.0274221576894131,1.0274221576894131,0.4043409531320524,1.4855534000553172
127,2024-11-25,000300.SH,3875.6126,3889.7069,3812.3179,3848.0909,19070295300.0,0.0,3990.543185,3696.927626666666,0.13778242265909807,0.04088889169562412,1.0513348553195847,1.1005710317982311,0.8302249726462391,0.9551922105488381,0.42712756009228475,1.4528264204100112
128,2024-11-26,000300.SH,3836.259,3875.229,3833.2842,3840.1847,14989244100.0,1.0,3986.3199699999996,3705.4775299999997,0.03264130157921602,0.03635352499357894,0.9034825226083184,1.039134624195789,0.8931274322361756,0.917147635649168,0.44824050941358173,1.425835254113436
129,2024-11-27,000300.SH,3829.3442,3907.164,3817.9125,3907.0447,17413609600.0,2.0,3987.19977,3715.1912233333333,1.6619913033562765,0.051640269674876234,0.8651697714483895,1.1345752981539512,0.8255941986553472,1.1341622917039724,0.46998187834289484,1.411652324465187
130,2024-11-28,000300.SH,3904.2525,3908.3918,3866.0136,3872.5505,15011729100.0,3.0,3986.275315,3724.644835,0.48723435335876136,0.0397100049943419,1.111551900259112,1.1258207456062046,0.9797361463048315,1.0022699117118827,0.4924148492994095,1.3942979834539087
131,2024-11-29,000300.SH,3869.8903,3962.7002,3869.8903,3916.5832,18765671300.0,4.0,3987.60346,3735.146295,0.6825213034278107,0.04857558196391877,0.9790844094619912,1.297269778038477,0.9790844094619912,1.139164288832672,0.5171340044470438,1.3826470164780822
132,2024-12-02,000300.SH,3909.7029,3955.1252,3902.1697,3947.632,19728978400.0,0.0,3987.746965,3746.312141666667,0.3194206017388723,0.05373814319801171,1.0984200314886259,1.2531471384305601,1.0727588421165546,1.2276222055729706,0.541843650768901,1.3642703383079255
133,2024-12-03,000300.SH,3946.7034,3963.9474,3922.8425,3951.8912,18249686700.0,1.0,3983.1129,3756.81979,0.0020079640448154054,0.05192461201339658,1.2065179497223568,1.2648840981709821,1.1257554333968076,1.2240772112000757,0.5638146924026654,1.3297539901967372
134,2024-12-04,000300.SH,3948.13,3957.365,3917.7467,3930.5568,17462631800.0,2.0,3978.426585,3767.9122199999997,0.19656468655849013,0.04316570304814589,1.1947263385120184,1.225813387353256,1.0924494428912268,1.135571067619017,0.5880735037616508,1.2967113322984551
135,2024-12-05,000300.SH,3916.5638,3936.3358,3910.0834,3921.5881,13853403800.0,3.0,3967.22123,3778.7148850000003,0.04260832001175823,0.03781000137563954,1.0725412188752992,1.1387706890207698,1.0508340846283488,1.089370913739344,0.61079427367107,1.242226366954972
136,2024-12-06,000300.SH,3923.8954,3995.1168,3923.8954,3973.1405,19205790700.0,4.0,3960.675904999999,3790.7311449999997,0.9124890268204942,0.048119834412577486,1.0781479785884234,1.3151817191239672,1.0781479785884234,1.2420418399285114,0.6349606575265085,1.2005581064283157
137,2024-12-09,000300.SH,3970.6628,3995.5116,3948.4206,3966.5708,17595995800.0,0.0,3952.447885,3802.544695,0.027211449255350798,0.04313587824902605,1.2144040951977266,1.2966181840547764,1.1408141348303729,1.2008654111726205,0.6581729362303341,1.1541387045014506
138,2024-12-10,000300.SH,4094.05,4098.3804,3988.9676,3995.6369,25346379500.0,1.0,3947.94258,3815.2828816666665,0.2624976226296848,0.047271466868152034,1.5992618930326858,1.6134927263962062,1.2539334883035942,1.275850562234716,0.6831598220391052,1.11911448235608
139,2024-12-11,000300.SH,3988.0179,4005.3253,3977.3522,3988.8308,17725284600.0,2.0,3941.839615,3828.5475349999997,0.029229496865675574,0.04186529317834381,1.2306948601472243,1.2872168767366474,1.1958631192538605,1.2333496059372078,0.709901060035636,1.0798871252568834
140,2024-12-12,000300.SH,3987.1525,4031.7441,3981.3485,4028.5048,18162177700.0,3.0,3941.2839,3842.426695,0.49548965463873146,0.04842723616357762,1.2056873753813673,1.3502297442865898,1.1868738789128412,1.3397296479546652,0.7365629058307027,1.0570056482765726
141,2024-12-13,000300.SH,4000.9854,4000.9854,3931.7392,3933.1808,23035307900.0,4.0,3939.5014,3854.877543333333,3.3339610182177055,0.02031277408593317,1.234582368151403,1.234582368151403,1.0110317037716718,1.0156856867739137,0.7628957134478679,1.0360907679087417
142,2024-12-16,000300.SH,3930.7807,3938.7595,3901.6465,3911.8416,17851125100.0,0.0,3937.57445,3867.200325,0.2005314047976392,0.011543564141586176,0.9938463870487728,1.019524628089072,0.9000835392375416,0.9328945177343021,0.7892251163460928,1.0157107714258136
143,2024-12-17,000300.SH,3908.1263,3955.945,3908.1263,3922.0334,16093909000.0,1.0,3934.83156,3879.9134316666664,0.02395816388263338,0.010855904152284204,0.906643094662958,1.0600547729402237,0.906643094662958,0.9512597728865345,0.816130732762024,0.992318756180957
144,2024-12-18,000300.SH,3934.5425,3956.1441,3933.9693,3941.89,15773832100.0,2.0,3932.637425,3892.7614283333332,0.11328943923653359,0.012620493850223128,0.9757486699208662,1.0448236393779164,0.9739157606691085,0.9992436118735765,0.8421462400426236,0.9696568527666554
145,2024-12-19,000300.SH,3911.8901,3954.3491,3899.7479,3945.4635,16108104000.0,3.0,3930.4457049999996,3905.251891666667,0.0005062722394987924,0.010296802728433408,0.8877125645331518,1.023084957805942,0.8489994843005295,0.9947549232393078,0.8665479080615742,0.9468735588447112
146,2024-12-20,000300.SH,3937.4722,3958.6336,3923.2562,3927.7441,15498649600.0,4.0,3933.5479649999993,3917.363465,0.15106468774991158,0.0026499034600048236,0.9548835454389467,1.0221761939291996,0.9096770708702764,0.9239484648782065,0.8909383416273527,0.9424045900556447
147,2024-12-23,000300.SH,3928.1493,3965.8502,3928.1493,3933.5718,19006736200.0,0.0,3937.82201,3929.37693,0.0038175144661334974,0.0010675662006292342,0.9105063130763787,1.0301280237162704,0.9105063130763787,0.9277114388411438,0.9144014773995868,0.9411969893393743
148,2024-12-24,000300.SH,3934.9422,3985.8588,3934.7338,3983.6882,16149458900.0,1.0,3944.997185,3939.906583333333,0.8204414995309462,0.011112348920117275,0.9150570741809051,1.0760481531072483,0.9143981428923225,1.0691850232848032,0.930753751277122,0.946849512869628
149,2024-12-25,000300.SH,3987.9557,4007.7626,3969.4766,3985.6291,15939074700.0,2.0,3948.9264049999997,3949.641518333333,0.0002974112615544062,0.009111607091332487,1.0654874069450806,1.1278902786141274,1.007267851847641,1.0581573087860958,0.9447761920831104,0.9425231830019914
150,2024-12-26,000300.SH,3981.7317,3991.5331,3965.5461,3987.4801,14342528600.0,3.0,3954.672885,3957.0108466666666,0.00030119215841214667,0.007700068186318102,1.0289049567176818,1.0596821591753443,0.9780808409690421,1.0469554056951376,0.9512794432230637,0.9439380512226097
151,2024-12-27,000300.SH,3987.0189,4007.1314,3970.9365,3981.0307,16926866600.0,4.0,3957.89526,3961.633276666667,0.029914217689571074,0.0048963197698233055,1.0290536639499073,1.0920305487467954,0.9786959534684914,1.0103032260858558,0.9495654115615667,0.9378608176530252
152,2024-12-30,000300.SH,3976.7004,4005.778,3976.7004,3999.0549,16461248500.0,0.0,3960.466405,3961.3199499999996,0.08081289452842749,0.0095258526138492,0.9795546046711853,1.0703480825463239,0.9795546046711853,1.0493555098751846,0.9315298520511359,0.9288646967744664
153,2024-12-31,000300.SH,3995.8705,4004.3462,3934.9109,3934.9109,18392839700.0,1.0,3959.6173900000003,3955.9668616666663,1.6035926462499113,-0.005322582924214763,1.025544475315105,1.0519899286086798,0.8353413942014496,0.8353413942014496,0.9010391478745539,0.9124293429659395
154,2025-01-02,000300.SH,3931.8155,3934.2034,3796.3389,3820.3952,21789872400.0,3.0,3954.10931,3953.7070499999995,5.011956087409604,-0.03371819113406483,0.816417474332253,0.8238828862539628,0.3928701629905623,0.46807858411885317,0.8848581286120469,0.8861157342905215
155,2025-01-03,000300.SH,3825.2426,3835.9353,3767.6653,3775.1648,17534267600.0,4.0,3946.788145,3949.9966649999997,0.8592435912734373,-0.044261269015527044,0.4753426630562008,0.5088314160740297,0.2950147777574996,0.31850266231960295,0.8660632547454027,0.856014405172072
156,2025-01-06,000300.SH,3775.9902,3788.8489,3743.0727,3768.9697,15094667000.0,0.0,3936.5796050000004,3948.02671,0.027215085995872232,-0.04535354574640149,0.312880277693767,0.3532387456087081,0.20956502283984707,0.29084565335407064,0.8528361028575526,0.816908083706203
157,2025-01-07,000300.SH,3760.866,3797.602,3749.0581,3796.1055,14645577900.0,1.0,3928.05634,3945.2727616666666,0.23892616719829698,-0.03780911249432886,0.25715212097412415,0.3725949456910354,0.22004581299353845,0.36789219669308165,0.8366500920024966,0.7825475128235598
158,2025-01-08,000300.SH,3781.261,3810.7355,3731.1887,3789.2153,16916696800.0,2.0,3917.73526,3944.159768333333,0.03244049117432609,-0.03928453141714575,0.31335527541155694,0.40609973943707606,0.15579777228088418,0.33838427641914587,0.8259325527018342,0.7427851926952911
159,2025-01-09,000300.SH,3780.7341,3795.2608,3768.681,3779.8773,12979400200.0,3.0,3907.2875849999996,3943.2979066666667,0.051648096370390036,-0.04144262252932562,0.3041576056775845,0.3499308247262556,0.26617862996282854,0.3014578532161925,0.8163915426308636,0.7029240419829895
160,2025-01-10,000300.SH,3778.8928,3786.8069,3732.4806,3732.4806,13752317100.0,4.0,3892.4863750000004,3942.368888333333,0.949405975397637,-0.0532391296396581,0.2926054862654747,0.3175766718856304,0.14616209267178756,0.14616209267178756,0.8084179913170457,0.6510247944094324
161,2025-01-13,000300.SH,3704.4442,3737.8852,3704.1073,3722.513,13644619900.0,0.0,3881.952985,3938.990205,0.057088992990876795,-0.05495753828613548,0.051962454443969706,0.1576247408294648,0.05089796401954309,0.10905377109844236,0.793048760202876,0.6128303733641912
162,2025-01-14,000300.SH,3728.5561,3826.6399,3718.8768,3820.5395,17066465700.0,1.0,3877.3878799999998,3937.07924,3.6694817520509915,-0.029600557391880222,0.12031507708326657,0.43037112279914924,0.08971751170246295,0.4110869402808818,0.7794846874435836,0.5907922933376942
163,2025-01-15,000300.SH,3810.0353,3816.8284,3790.1655,3796.026,14147552000.0,2.0,3871.08751,3934.383415,0.2654176187867452,-0.035166225658766904,0.371304122772089,0.3927891753701059,0.308460399271466,0.3269958471157014,0.7645893373632616,0.5643985778920184
164,2025-01-16,000300.SH,3812.1935,3842.947,3776.2861,3800.3836,14450587100.0,3.0,3864.01219,3931.5029933333335,0.002368357192154534,-0.03335095854070901,0.3709284410920666,0.4682794033305188,0.25726268137427916,0.3335439115607982,0.7486055828867285,0.5349617814740077
165,2025-01-17,000300.SH,3788.3729,3831.6404,3780.2133,3812.3429,12662196100.0,4.0,3857.3561600000003,3929.561485,0.037236417772205294,-0.02982994042654611,0.2863317944430604,0.4235998057029012,0.26044511125878167,0.36237765403509575,0.7342586743307558,0.5051841642453484
166,2025-01-20,000300.SH,3835.3042,3858.6677,3821.9815,3829.6764,13958127700.0,0.0,3852.452775,3927.449075,0.08717656390944974,-0.024894702167462264,0.4254695869090974,0.4997879229142336,0.38309062420677786,0.40756778575046443,0.7185786579558707,0.4800185011924579
167,2025-01-21,000300.SH,3850.3563,3850.9106,3817.1214,3832.6145,14121840600.0,1.0,3847.40491,3925.2567016666667,0.00011316495503229476,-0.023601565122436607,0.46335746449885434,0.46512637668162404,0.35729645150389167,0.4067388713827622,0.7023836831574417,0.45393882887355763
168,2025-01-22,000300.SH,3823.9447,3823.9447,3783.1438,3797.0166,13725506200.0,2.0,3838.0713299999998,3923.129495,0.5454876227206351,-0.03214599343731329,0.370034791044244,0.370034791044244,0.23937873765804654,0.2838033777374577,0.6876526345383583,0.4152722667726475
169,2025-01-23,000300.SH,3829.0462,3864.2585,3801.8531,3803.7439,18056955100.0,3.0,3828.97707,3921.7010816666666,0.006806981264186981,-0.030078065413526252,0.37686691848410686,0.4900823914881056,0.28943497910652827,0.2955143268445623,0.6747732254853892,0.37664464996859376
170,2025-01-24,000300.SH,3793.8498,3847.6003,3793.4836,3832.8637,14897172200.0,4.0,3821.24625,3920.7314833333335,0.27072968665482067,-0.02241106888009327,0.2524317142177588,0.42604083694991035,0.25124892222987955,0.37844298766377066,0.662247766799198,0.3409197031755411
171,2025-01-27,000300.SH,3836.9578,3851.9969,3817.0802,3817.0802,14667077200.0,0.0,3813.0487249999996,3919.5158149999997,0.12901747099427463,-0.02613476251530315,0.3826777864649308,0.43139329785712854,0.3182891296138183,0.3182891296138183,0.6501044223839503,0.3052301456127895
172,2025-02-05,000300.SH,3844.6998,3844.6998,3785.162,3795.0848,15716830800.0,2.0,3802.8502200000003,3917.021196666667,0.22908720377731598,-0.031129879197598728,0.39911144764501905,0.39911144764501905,0.20552559608475132,0.237789362765117,0.6342628835352377,0.26303845566783035
173,2025-02-06,000300.SH,3789.6086,3843.4942,3788.3196,3842.8314,16728817600.0,3.0,3798.246245,3913.658845,0.7855019612382451,-0.018097501035504768,0.20850024729611502,0.38450017365499234,0.20429014468843076,0.3823353513055952,0.6136703481171255,0.23671232777613355
174,2025-02-07,000300.SH,3844.0574,3919.3499,3833.8685,3892.7028,22185770700.0,4.0,3801.861625,3911.46584,0.8288025478114522,-0.004796933110887099,0.37341593521737954,0.6206783999903535,0.33995533120867505,0.5331686530029118,0.5947869485440861,0.234843948239847
175,2025-02-10,000300.SH,3898.1023,3906.3678,3878.8314,3901.0618,18890304000.0,0.0,3808.156475,3907.388616666666,0.010823636399387786,-0.001619193094764024,0.538650955367818,0.5659482723620138,0.47500763481087066,0.548424884306699,0.5693195815560064,0.24159939196215904
176,2025-02-11,000300.SH,3905.1594,3905.1594,3872.9087,3883.1352,16657490900.0,1.0,3813.8647499999997,3903.706753333333,0.16421809205253035,-0.005269748634619374,0.5504758167618407,0.5504758167618407,0.443299037578913,0.4772841396794637,0.5456483249237041,0.24708188907553671
177,2025-02-12,000300.SH,3875.9596,3920.7229,3867.3538,3919.8617,16422854000.0,2.0,3820.05256,3900.185595,0.42158411147248964,0.005044915048459382,0.44007260776539975,0.5897199114578173,0.4113027278388473,0.5868408507554126,0.5210620529362417,0.2531708870829628
178,2025-02-13,000300.SH,3913.9044,3939.1978,3904.9845,3905.1398,17248587400.0,3.0,3825.8487849999997,3897.1755416666665,0.1160304304052297,0.0020435975357495505,0.5547958164042577,0.6399442898880644,0.5247675928902897,0.5252903995486284,0.4984792772987915,0.2583627074142518
179,2025-02-14,000300.SH,3900.8274,3942.0356,3900.8274,3939.0085,17297645200.0,4.0,3833.8053449999998,3894.3108483333335,0.3422976204609559,0.011477679468190335,0.49704443600726983,0.6367449163114233,0.49704443600726983,0.6264827033555374,0.4749525854105402,0.2698320541397913
180,2025-02-17,000300.SH,3954.4147,3955.8959,3921.7017,3947.3983,21358824600.0,0.0,3844.5512299999996,3892.773835,0.00883047797129038,0.014032272953766366,0.6659778015615414,0.6710340434760804,0.5543083161778699,0.6420265351767404,0.45555981259218964,0.2909465553485816
181,2025-02-18,000300.SH,3942.5761,3965.4232,3901.8675,3912.7829,20942510100.0,1.0,3854.064725,3891.839703333333,0.5170979177522796,0.005381310193410423,0.613893236492534,0.692588996848147,0.4736743802695323,0.5112719616949948,0.4391341067392014,0.30901997223817307
182,2025-02-19,000300.SH,3906.2201,3943.6742,3904.1455,3940.1602,18282951700.0,2.0,3860.04576,3891.6693633333334,0.22322915214128772,0.012460163528674621,0.47507335812370394,0.6050610921302978,0.46787327714538457,0.592865447399836,0.4245737522747674,0.3148212675421642
183,2025-02-20,000300.SH,3934.6503,3940.678,3916.1772,3928.8959,16389523600.0,3.0,3866.6892550000002,3890.8694416666667,0.07358470321126755,0.009773254770801178,0.5613492079083306,0.582436984921818,0.49672147037198344,0.5412175649854238,0.4081828296890445,0.3235889738947691
184,2025-02-21,000300.SH,3938.0518,3981.048,3927.7874,3978.444,22740033000.0,4.0,3875.592275,3890.7472966666664,0.7927407906227144,0.022539809616642596,0.5590422629410281,0.7105234103862407,0.5228794604180921,0.7013491831766895,0.3923824082501635,0.3389893160321601
185,2025-02-24,000300.SH,3972.4831,3995.9456,3949.2309,3969.7169,22081061800.0,0.0,3883.4609750000004,3890.4209466666666,0.05425729729879465,0.020382358212746737,0.6674730296878407,0.7508624474690697,0.5848310512058938,0.6576415195134587,0.37581122091466723,0.35107438617595044
186,2025-02-25,000300.SH,3933.636,3955.4336,3915.6527,3925.6505,17810858000.0,1.0,3888.25968,3891.42014,0.8236540609455152,0.008796367076416482,0.5169646256226065,0.5952621667611543,0.45236814841608625,0.4882805037577287,0.36532416818466934,0.35397171438852937
187,2025-02-26,000300.SH,3931.842,3960.3298,3925.3664,3959.9413,19106250100.0,2.0,3894.6260199999997,3893.284313333333,0.35070998090904226,0.01712101693636569,0.49661806692081306,0.6000842577033495,0.4730990284190187,0.5986732461433478,0.3565785775679446,0.3614515855905904
188,2025-02-27,000300.SH,3961.0635,3973.9323,3933.4611,3968.1159,20288796300.0,3.0,3903.1809850000004,3895.4165,0.006967368374601091,0.018662805376523914,0.5896737847685872,0.6369192091808437,0.4883366668712772,0.6155653699299841,0.3486629386608321,0.37716881249270723
189,2025-02-28,000300.SH,3950.1866,3972.4813,3886.3994,3890.0487,19810414700.0,4.0,3907.4962250000003,3895.1332333333335,2.4201777714929196,-0.001305355434269049,0.5392352113844519,0.622132224687052,0.30205918448408337,0.31562815247401743,0.3345336603916334,0.3805022127673828
190,2025-03-03,000300.SH,3899.6962,3930.0048,3872.5872,3888.4738,17762316600.0,0.0,3910.27673,3895.3986216666667,0.007381821272830211,-0.0017776926931559272,0.3382948048204789,0.45263327518799823,0.23602674911374744,0.2959585685755717,0.32208229309384356,0.37820960180475593
191,2025-03-04,000300.SH,3865.9939,3890.4235,3855.7254,3885.2208,14985096700.0,1.0,3913.68376,3894.8759149999996,0.013419626935689022,-0.0024789274962048616,0.19553092387890433,0.2892241444642417,0.15614882856909362,0.2692705750754953,0.30630019567803324,0.37843267309558676
192,2025-03-05,000300.SH,3887.7992,3906.4214,3877.0188,3902.5706,15865275100.0,2.0,3919.0580499999996,3894.124891666667,0.08428069600410962,0.0021688334525188954,0.26386558725682807,0.33657508791070107,0.2217740244528087,0.3215398211260063,0.2885639517021519,0.38591429119697834
193,2025-03-06,000300.SH,3923.3827,3964.4942,3917.0833,3956.2369,19396091500.0,3.0,3924.728325,3894.1973199999998,1.0024766840303465,0.01593128824812609,0.3879957532910632,0.550971250154157,0.36302347436814797,0.5182374026845279,0.27229815513389877,0.39333012209216234
194,2025-03-07,000300.SH,3944.9145,3967.0743,3935.0464,3944.0143,16673237500.0,4.0,3927.2938999999997,3894.4216116666666,0.08210673142017738,0.012734288497364146,0.4602537285346143,0.5499183192008867,0.420324706289206,0.45661127397646034,0.2559457400163945,0.38895597827088857
195,2025-03-10,000300.SH,3945.5795,3949.1448,3905.127,3928.8018,15276523200.0,0.0,3928.6809000000003,3894.54184,0.11599371671384923,0.008796916661190708,0.4504010604972475,0.4651399144260643,0.28317151780647115,0.3810425017331912,0.2394127521897919,0.38054270439776583
196,2025-03-11,000300.SH,3890.4305,3941.4157,3889.4298,3941.4157,14475440200.0,1.0,3931.594925,3894.0130933333335,0.04096164772463679,0.012173201663810843,0.2036242241525503,0.41964943376722447,0.19938424025013518,0.41964943376722447,0.21880373655610094,0.37803863341822946
197,2025-03-12,000300.SH,3946.8623,3953.6125,3921.4736,3927.2315,15673219000.0,2.0,3931.9634150000006,3893.357438333333,0.10108672476741032,0.008700475669957412,0.43021078901698256,0.4595705368449773,0.31978356764864324,0.34482734294697553,0.19749335159216794,0.36540863404109414
198,2025-03-13,000300.SH,3925.7439,3939.2854,3897.3758,3911.5793,15653644300.0,3.0,3932.28539,3891.9564783333335,0.12246185053209833,0.00504189134074529,0.32362938125238894,0.3843915949197164,0.1963385675658634,0.26007124871816356,0.17202146967848406,0.3529817730171626
199,2025-03-14,000300.SH,3919.6159,4014.1586,3919.6159,4006.5567,21613900300.0,4.0,3935.6628000000005,3892.25191,3.300730590299862,0.029367264155315206,0.2756504771788138,0.7157454219896905,0.2756504771788138,0.6803586839236332,0.14827148685110736,0.35034857200671643
200,2025-03-17,000300.SH,4020.6402,4021.7278,3992.2563,3996.7876,16220291100.0,0.0,3938.132265,3891.72329,0.05634070389170953,0.026996860303498148,0.7444779385245127,0.749750579503033,0.6068739349660517,0.6288414947913215,0.11949395315302033,0.3444827940467879
201,2025-03-18,000300.SH,4011.7794,4016.873,3995.9602,4007.7229,14020849600.0,1.0,3942.8792649999996,3892.965658333333,0.026842532878382563,0.029478102746942115,0.7001311624234443,0.7259997611569025,0.6197910224273105,0.6795296289771074,0.09671805436712427,0.3502116663899804
202,2025-03-19,000300.SH,4004.8251,4025.299,3989.512,4010.168,14441942800.0,2.0,3946.3796549999997,3894.6044316666666,5.529176080498788e-06,0.02967273579665674,0.6648413264855323,0.7746831266918417,0.5826870485639236,0.6935058092817901,0.0735110655349596,0.3512834360660766
203,2025-03-20,000300.SH,4011.0588,4012.0416,3969.9259,3974.9918,13375467000.0,3.0,3948.6844499999997,3895.487071666666,0.5112983845684601,0.020409444793592413,0.7075758863036925,0.7132131574166788,0.47164048849813633,0.5006981316923454,0.044664647382998156,0.3498010374573155
204,2025-03-21,000300.SH,3966.5146,3983.1476,3904.7674,3914.6956,16590529400.0,4.0,3945.4970299999995,3895.0338316666666,1.4372701611487353,0.00504790694588658,0.4499588801259978,0.5530224760476623,0.06735270745154025,0.12887113425545196,0.007040283139473283,0.3197270312872214
205,2025-03-24,000300.SH,3916.1136,3938.1826,3907.1999,3934.8486,15223467400.0,0.0,3943.753615,3894.856916666666,0.1270889030958766,0.010267818353532665,0.10844692780837148,0.2574777556680809,0.04825316776971527,0.23496342424915323,-0.03509836716278512,0.295098534927171
206,2025-03-25,000300.SH,3937.8975,3946.3574,3921.5287,3932.2951,14047539900.0,1.0,3944.085845,3894.932766666667,0.00789203478636907,0.009592548978787172,0.23801145563023904,0.30143168144993354,0.11530161362295198,0.19601267631461153,-0.08407664118922728,0.2844028121888493
207,2025-03-26,000300.SH,3930.2073,3942.026,3916.8607,3919.3566,13116418700.0,2.0,3942.0566099999996,3894.695846666667,0.08340378092920805,0.006331881693518988,0.1551292658583244,0.256028234937738,0.04118626191412508,0.062494336146088125,-0.14804020555943476,0.25628955957103106
208,2025-03-27,000300.SH,3911.3841,3952.9852,3903.652,3932.4117,12679373800.0,3.0,3940.2714,3893.8412383333334,0.048970843018224554,0.009905504437868622,-0.05219222127406455,0.34331390495910125,-0.1257021265084824,0.14771943058082637,-0.21897409148489325,0.22244244272124605
209,2025-03-28,000300.SH,3930.7763,3934.2336,3907.384,3915.1662,12635621400.0,4.0,3941.5272749999995,3892.666856666667,0.13571132511242523,0.005779930356691088,0.10249296475630067,0.1393194856530325,-0.14667749333892152,-0.06378293662629962,-0.30344178527342963,0.21701036431599136
210,2025-03-31,000300.SH,3905.9815,3928.4482,3872.403,3887.3056,16679852300.0,0.0,3941.4688650000003,3890.9972816666664,0.334023135419768,-0.000948775185236042,-0.20635263964631828,0.050883944796893094,-0.5908158073890848,-0.42018576722637735,-0.3779171838213893,0.19996642650446003
211,2025-04-01,000300.SH,3892.7794,3905.2622,3882.4045,3887.6841,14038027400.0,1.0,3941.5920300000007,3889.441505,0.0006497877106992672,-0.0004518399358212832,-0.3852854018731959,-0.2384680760191047,-0.5073105143482458,-0.4452141294362691,-0.4245442875304002,0.18882776220098432
212,2025-04-02,000300.SH,3884.4181,3900.4949,3877.1599,3884.3858,11304317500.0,2.0,3940.6827900000003,3887.5303533333336,0.009425583354803013,-0.0008088820015610321,-0.4724657491010596,-0.28260578595169666,-0.5581819105592253,-0.4728471979472041,-0.43571140102319555,0.19199558462270563
213,2025-04-03,000300.SH,3843.4177,3883.7025,3843.4177,3861.5034,14259978900.0,3.0,3935.9461149999997,3886.306895,0.22992131456658557,-0.006382279029973548,-0.9816527290391753,-0.47282486046357075,-0.9816527290391753,-0.7532164904901971,-0.4399293575250154,0.187051997982654
214,2025-04-07,000300.SH,3675.2017,3707.7771,3514.1165,3589.4406,31257858600.0,0.0,3918.2174299999997,3882.4576516666666,29.334622352850428,-0.0754720535176681,-2.867735323248483,-2.4831117440196384,-4.769697116036745,-3.8803319833233614,-0.4206272003546937,0.0015949039017934131
215,2025-04-08,000300.SH,3597.9859,3650.759,3583.8746,3650.759,28019731200.0,1.0,3904.31529,3880.3842216666667,1.510343478470286,-0.05917589819701931,-3.6121115785012328,-3.0111670789671003,-3.7728015534368726,-3.0111670789671003,-0.3963497967742875,-0.12383891750261036
216,2025-04-09,000300.SH,3606.1036,3686.7943,3587.3368,3686.7943,26230570800.0,2.0,3891.5842199999997,3879.0146316666664,0.4896334829531795,-0.04955390734993866,-3.407182992682972,-2.5128670720920274,-3.6151802961955948,-2.5128670720920274,-0.38243936641130866,-0.24312736438661267
217,2025-04-10,000300.SH,3749.1262,3756.1386,3708.8194,3735.1151,22725222700.0,3.0,3881.9784,3877.9981249999996,0.8604430316966638,-0.036844531738910946,-1.7746613202852382,-1.698083306708236,-2.214826552965277,-1.927667738348774,-0.3673320147202003,-0.32386593278103165
218,2025-04-11,000300.SH,3730.3148,3762.3653,3708.4617,3750.5167,16875969100.0,4.0,3873.9252699999997,3877.3531483333336,0.07493668832596644,-0.032712121769938256,-1.948384894607523,-1.6023078820073655,-2.184351745797134,-1.7302474801881795,-0.3606844740567779,-0.3976982458593082
219,2025-04-14,000300.SH,3772.0407,3776.6344,3754.033,3759.1422,16446240300.0,0.0,3861.554545,3877.007563333333,0.020343403346509987,-0.030401117719769492,-1.4792796464934352,-1.4300778016860893,-1.6721551195842488,-1.6174318974561839,-0.3550087277045144,-0.5205217150223077
220,2025-04-15,000300.SH,3756.4788,3764.486,3737.8495,3761.2348,13400604000.0,1.0,3849.776905,3877.4868,0.00017078279167395737,-0.02998127550040917,-1.6377946716873442,-1.5523321028824768,-1.83662919974166,-1.5870328601632189,-0.3462502459281028,-0.642003918624319
221,2025-04-16,000300.SH,3757.8757,3775.1661,3721.6025,3772.8204,15635900600.0,2.0,3838.0317800000003,3878.3252566666665,0.03863670130022126,-0.027203715440139623,-1.5953621947803298,-1.4124196363058388,-1.9791538949178031,-1.4372385161127599,-0.32093534151387504,-0.7472639233414895
222,2025-04-17,000300.SH,3755.0862,3779.1253,3749.504,3772.2221,12237100200.0,3.0,3826.134485,3877.5199666666663,0.0013523201149329017,-0.027155983095345934,-1.5972718110460034,-1.3450142834429308,-1.6558493772022216,-1.4174539406908968,-0.3124966208573225,-0.8517170808548373
223,2025-04-18,000300.SH,3760.0425,3782.0443,3754.4072,3772.523,10294850900.0,4.0,3816.011045,3877.12825,0.00022056198787524496,-0.026980085066827506,-1.518330520526933,-1.2890721275344492,-1.5770502535501643,-1.3882839164425982,-0.2982989373237511,-0.935139205051492
224,2025-04-21,000300.SH,3768.1421,3790.1782,3763.1383,3784.8806,12135573000.0,0.0,3809.5202950000007,3876.869866666667,0.04636310310592982,-0.023727715871402027,-1.411306292479987,-1.18270663976592,-1.4632150668207573,-1.2376632573261064,-0.283378496709575,-0.9820542466581227
225,2025-04-22,000300.SH,3780.1122,3799.2295,3778.0791,3783.9522,12568825700.0,1.0,3801.975475,3876.3966883333333,0.0017293758933947516,-0.023848046463242602,-1.2667967129537638,-1.0696912644674466,-1.2877586211373229,-1.2272050905914276,-0.2740729886193999,-1.0413793881090032
226,2025-04-23,000300.SH,3803.4295,3807.9536,3780.5183,3786.8824,13198687000.0,2.0,3794.70484,3875.683455,0.0008888963964707107,-0.022912360111721226,-1.007161346465413,-0.9607312583374439,-1.2422951930023183,-1.176981489977358,-0.26563098722389034,-1.0967010853497468
227,2025-04-24,000300.SH,3787.459,3807.2599,3775.207,3784.3574,11716456000.0,3.0,3787.9548800000002,3874.8791699999997,0.005638308571234767,-0.0233611852211639,-1.1508328254169582,-0.9484729902567591,-1.276044947107524,-1.1825303373852454,-0.25742236473707064,-1.1457650661201928
228,2025-04-25,000300.SH,3792.0838,3801.5765,3780.7772,3786.9937,12459113300.0,4.0,3780.6839799999993,3874.7121216666665,0.0004659513800846939,-0.022638693898357362,-1.0861294722561794,-0.9896245120169507,-1.201074954936642,-1.1378765935297557,-0.24611104788001012,-1.2020226507864595
229,2025-04-28,000300.SH,3786.3867,3792.0082,3772.8029,3781.6188,12514509100.0,0.0,3774.0066100000004,3874.34337,0.017454192983258874,-0.0239329768027246,-1.1282814902101166,-1.0714659348582685,-1.2655706729528722,-1.1764698538785427,-0.2393182147588909,-1.2534049783637797
230,2025-04-29,000300.SH,3776.0025,3785.3157,3768.0311,3775.0767,11151469400.0,1.0,3768.3951649999995,3873.3802533333337,0.024549956641200757,-0.025379267436688165,-1.2156880343726957,-1.1221594861166602,-1.2957414499085103,-1.224985454161322,-0.23776423785796683,-1.2920852983257278
231,2025-04-30,000300.SH,3775.8306,3787.5639,3768.7573,3770.5705,14368165800.0,2.0,3762.539485,3872.605091666667,0.012474759101455866,-0.026347791538629102,-1.199398956330311,-1.0823489277047735,-1.2699613699289523,-1.2518730987772924,-0.2339879449520205,-1.3319895652140235
232,2025-05-06,000300.SH,3794.3757,3809.0939,3782.777,3808.5424,15852045900.0,1.0,3758.7473150000005,3872.8293849999995,0.5007948390952074,-0.016599488025212796,-1.0009249638782258,-0.8544120474032981,-1.1163846915839077,-0.8599019764323865,-0.21995458723193986,-1.3555891616497988
233,2025-05-07,000300.SH,3861.5767,3863.6776,3814.9868,3831.627,16117229900.0,2.0,3757.253495,3872.642645,0.17401856080143382,-0.010591125688541281,-0.3167899758052404,-0.2957111415865267,-0.7842376307942868,-0.617282508148635,-0.2057626921989719,-1.363489744171167
234,2025-05-08,000300.SH,3820.5481,3867.3313,3816.2642,3852.8963,12495983300.0,3.0,3770.4262800000006,3871.9792033333333,0.1431299902633653,-0.004928462249204548,-0.7189369227608777,-0.2463771315141464,-0.7622088428031543,-0.3921858959134727,-0.19942839288713782,-1.2252203064564358
235,2025-05-09,000300.SH,3848.6187,3853.6632,3836.5349,3846.1566,11938952600.0,4.0,3780.1961600000004,3871.064116666667,0.0253167237693538,-0.006434281612497473,-0.4217618391409141,-0.3693683437201892,-0.547267344139418,-0.44733385323059144,-0.18863787535039328,-1.1324162223631093
236,2025-05-12,000300.SH,3866.5305,3890.7342,3859.0346,3890.6096,15333246000.0,0.0,3790.3869250000002,3871.1886900000004,0.661675003566354,0.005016782067525457,-0.2219833244891646,0.0348776428304317,-0.30153331580995163,0.03355532944330298,-0.1725484368745184,-1.030054500783372
237,2025-05-13,000300.SH,3915.5924,3915.5924,3890.6855,3896.2583,14732029900.0,1.0,3798.444085,3870.7952999999998,0.004777477010219244,0.006578234710577486,0.3288927459730796,0.3288927459730796,0.05676093875303835,0.1176491317949595,-0.16055860209580877,-0.9510651240843223
238,2025-05-14,000300.SH,3894.8386,3960.5228,3890.6504,3943.2108,17203377900.0,2.0,3808.0787900000005,3871.4298166666663,0.7131224739300228,0.018541207443387824,0.11730905377856579,0.8486500985806164,0.07067679573416578,0.6558948215487985,-0.14332903057878502,-0.8486920559590414
239,2025-05-15,000300.SH,3934.0273,3936.4653,3904.9068,3907.1992,13808174900.0,3.0,3815.4816399999995,3870.899661666667,0.49739887112611714,0.009377545662783716,0.5884401145724906,0.6163389855591954,0.2552042357503186,0.28143695595127277,-0.13395112314583796,-0.7681185705687205
240,2025-05-16,000300.SH,3898.6662,3903.8528,3874.8619,3889.0854,11840534500.0,4.0,3821.87417,3869.92778,0.1373192943118621,0.0049503817872280685,0.20090637759659782,0.2610852628307908,-0.07528924916858824,0.08974263571332808,-0.1325386690605656,-0.6900932676952518
241,2025-05-19,000300.SH,3882.5677,3885.5889,3866.5695,3877.1453,9864341400.0,0.0,3827.0904149999997,3869.3338200000003,0.06341979048631295,0.0020188178025952403,0.023085190167414924,0.058293240493970847,-0.16335246067803774,-0.040105638672352596,-0.13113800361504666,-0.6234284607860513
242,2025-05-20,000300.SH,3883.1024,3911.4737,3881.7436,3898.1705,10488523400.0,1.0,3833.387835,3868.6339916666666,0.135979463246793,0.00763486760364446,0.034477044008534075,0.36597502752921246,0.01860045534294444,0.21053682151213654,-0.13457577300210385,-0.5464014511294359
243,2025-05-21,000300.SH,3899.4365,3928.6339,3899.4365,3916.3807,10979134300.0,2.0,3840.5807199999995,3868.425405,0.10057865461191323,0.012396592923316355,0.23229967068521137,0.5750416044859529,0.23229967068521137,0.4312039523920293,-0.1317328345919176,-0.4585955409620964
244,2025-05-22,000300.SH,3912.6007,3923.0195,3903.0898,3913.8651,10759705200.0,3.0,3847.0299449999998,3867.34909,0.00541912007373132,0.012027879800217316,0.3961973041665997,0.5192253841148529,0.28388995921518284,0.41112769003508504,-0.1381462567873675,-0.3780803562556572
245,2025-05-23,000300.SH,3910.3739,3931.5514,3882.2741,3882.2741,12027741900.0,4.0,3851.94604,3865.8917100000003,0.38516242168021175,0.0042376743139553065,0.38319180937857533,0.6350743729397108,0.048976266488467535,0.048976266488467535,-0.1458738522912889,-0.3117419250183713
246,2025-05-26,000300.SH,3875.7891,3884.537,3849.0384,3860.1067,10960120700.0,0.0,3855.6072550000004,3864.7993133333334,0.195690873089706,-0.0012141932744461964,-0.02759845215380773,0.07643745463988708,-0.3457357573203216,-0.21410409404517403,-0.15829638209538566,-0.2676145183348103
247,2025-05-27,000300.SH,3857.6271,3865.4291,3834.8455,3839.3969,9857242500.0,1.0,3858.3592299999996,3862.7902400000003,0.1723238351730998,-0.0060560730835853204,-0.24264548098786803,-0.1498917496711249,-0.5134835232034058,-0.45937440596230505,-0.1812637198611365,-0.23394158592136258
248,2025-05-28,000300.SH,3843.0747,3849.736,3833.9582,3836.2366,8903102600.0,2.0,3860.8213750000004,3860.592251666667,0.006503733031166024,-0.006308786341306078,-0.41518240657037625,-0.3360046157977544,-0.5235432865155281,-0.49646168405109026,-0.20696463515759084,-0.20424122090694793
249,2025-05-29,000300.SH,3838.0092,3869.7909,3831.4577,3858.6998,10847188600.0,3.0,3864.675425,3860.06977,0.16688230623154812,-0.0003549080927623217,-0.47074047158850674,-0.09286568744883376,-0.5486358216890702,-0.22473550619268834,-0.20844697795071573,-0.15368713537002476
250,2025-05-30,000300.SH,3850.493,3858.6128,3829.2542,3840.2323,11167222800.0,4.0,3867.9332050000003,3859.2657449999997,0.1412529064949479,-0.00493188245060838,-0.3188518699724179,-0.22238792836706586,-0.5711706909985237,-0.4407498927845592,-0.21463088406160397,-0.11166069325557597
251,2025-06-03,000300.SH,3833.4584,3863.2952,3832.7202,3852.0127,13140309000.0,1.0,3872.005315,3858.7122766666666,0.04105072258325843,-0.0017362208390551005,-0.5151173793873804,-0.16045700230666016,-0.523892123675002,-0.2945684252613051,-0.21493272750279535,-0.05692268661877192
252,2025-06-04,000300.SH,3855.4878,3875.8569,3855.4878,3868.7429,11680387300.0,2.0,3875.0153399999995,3858.1484816666666,0.08913435499058737,0.002745985123091203,-0.2461791993056462,-0.0033356596260243785,-0.2461791993056462,-0.08814986061088911,-0.21445814369229,-0.013368867242117494
253,2025-06-05,000300.SH,3872.6373,3883.1345,3861.272,3877.5557,12287818400.0,3.0,3877.3117750000006,3856.8371283333336,0.02152743857695869,0.0053719073368336655,-0.034454094448574966,0.09112960127219019,-0.1704233411977243,0.02438739176041402,-0.2234801157611563,0.021469184716764282
254,2025-06-06,000300.SH,3878.1027,3889.4557,3869.3871,3873.9841,11098797100.0,4.0,3878.3661649999995,3855.6699583333334,0.008083564332481905,0.0047499246212928635,0.03663887700159708,0.17271108398124155,-0.06782258051199246,-0.012724902762899675,-0.23223037933483587,0.03979665591570167
255,2025-06-09,000300.SH,3877.7977,3894.6517,3871.9917,3885.2459,13630629300.0,0.0,3880.3206299999997,3854.944026666666,0.03687198808076545,0.007860522260172876,0.03665902924554223,0.23891712170356996,-0.033016447484689765,0.12604188935268956,-0.23759873591756897,0.06693570001835955
256,2025-06-10,000300.SH,3887.5512,3897.4573,3850.4663,3865.4652,14556385900.0,1.0,3879.0634099999997,3853.6781849999998,0.15991725561822323,0.0030586401962364013,0.16544815766288715,0.2850307135724784,-0.28222621748490173,-0.10116537640391667,-0.24345360085599257,0.06298688408157166
257,2025-06-11,000300.SH,3870.6719,3911.6107,3870.6719,3894.6252,14241477200.0,2.0,3878.981755,3853.134746666667,0.2785272136645057,0.010767973626986733,-0.031232024791820304,0.4654680536007267,-0.031232024791820304,0.2593872895935587,-0.24400585879399964,0.06958933855861127
258,2025-06-12,000300.SH,3885.5196,3900.0408,3870.3838,3892.1992,13399869700.0,3.0,3876.431175,3852.811745,0.005284744014639428,0.010223041665899003,0.1608395571417315,0.33864667918375163,-0.024493131465517654,0.24262897209310297,-0.23965692839098368,0.049554904830302914
259,2025-06-13,000300.SH,3881.4923,3889.1602,3853.8186,3864.1822,17253953600.0,4.0,3874.2803250000006,3850.4388366666667,0.3125444695417176,0.0035692979206575714,0.12532576851724597,0.22003281548647954,-0.2164750381850442,-0.08847311432448628,-0.25821885393054156,0.036249899626692464
260,2025-06-16,000300.SH,3853.6193,3876.1704,3853.6193,3873.7951,13734183500.0,0.0,3873.51581,3848.3889616666665,0.024588095880083836,0.0066017594859565185,-0.20633174922026148,0.07675258573721593,-0.20633174922026148,0.04693540516400507,-0.2719882736777934,0.04342947312919267
261,2025-06-17,000300.SH,3875.1768,3880.4156,3860.409,3870.3786,12234252600.0,1.0,3873.1774750000004,3846.09989,0.008755494104773467,0.00631255315628322,0.07103876226087345,0.1369771329774406,-0.11483675714589807,0.010646021485835901,-0.29493895608539084,0.04587417628070722
262,2025-06-18,000300.SH,3871.6502,3881.346,3854.6575,3874.9708,12752862100.0,2.0,3872.0174899999997,3843.8466033333334,0.003346703746609345,0.008097148476132255,0.03055442171738478,0.15273518645149578,-0.18357758192309517,0.07239866844030524,-0.31981013851406825,0.03518279411359275
263,2025-06-19,000300.SH,3870.049,3872.9425,3834.9512,3843.0912,13028065800.0,3.0,3868.3530150000006,3841.6482600000004,0.4034224011611536,0.0003756044026788264,0.018693831745359678,0.05520861913929994,-0.42422605938820823,-0.3215025862979523,-0.3397118993521046,-0.002708805786448309
264,2025-06-20,000300.SH,3839.7833,3856.4799,3839.7833,3846.6443,11815102000.0,4.0,3864.991975,3840.5140716666665,0.0018938337723492353,0.001596199940669167,-0.35441144956179244,-0.1430027878692091,-0.35441144956179244,-0.2675389828396569,-0.34515858011215517,-0.03522477414324444
265,2025-06-23,000300.SH,3831.1703,3867.5896,3827.0829,3857.9016,13380089200.0,0.0,3863.7733500000004,3839.231621666667,0.03574435702428099,0.004862946592742543,-0.45607598209687783,0.006932946121032903,-0.5080402618386101,-0.11623335571823938,-0.3535901049684554,-0.04158412648363948
266,2025-06-24,000300.SH,3862.3876,3914.1579,3862.3876,3904.0342,16365618800.0,1.0,3865.969725,3838.7606066666663,0.7280989099612007,0.01700381972764204,-0.056779200761198315,0.6024311884742043,-0.056779200761198315,0.47352236975956497,-0.3576304508356458,-0.0111666774507327
267,2025-06-25,000300.SH,3907.0682,3963.0371,3902.1771,3960.0662,18721367100.0,2.0,3872.0031900000004,3839.4391,1.0476587953122234,0.03141789643179915,0.5078819742699523,1.2185089502894912,0.4457805643367684,1.1807879716199745,-0.3507924471305614,0.06266789966075287
268,2025-06-26,000300.SH,3953.1603,3964.482,3945.2589,3946.0195,16531626300.0,3.0,3877.492335,3839.6658966666664,0.08995729589130516,0.027698660819854753,1.1026153563394248,1.2470888240737583,1.0017875073453606,1.0114933394694008,-0.3456591976591682,0.13703480748631658
269,2025-06-27,000300.SH,3949.7879,3969.2626,3918.2041,3921.7578,19455791300.0,4.0,3880.645235,3839.7757566666664,0.2399969267525758,0.02135073726401735,1.0745948401337266,1.3250228077987074,0.66845421434041,0.7141517536447903,-0.3400671301885344,0.18547936852746974
270,2025-06-30,000300.SH,3920.3149,3940.3611,3911.6044,3936.0791,14517023600.0,0.0,3885.437575,3840.588648333333,0.05315118686509348,0.024863493701182026,0.7059511083439037,0.965509708164025,0.5931673795707169,0.9100662862471637,-0.32634599791595864,0.25435880444235665
271,2025-07-01,000300.SH,3935.9078,3946.2451,3924.7219,3942.762,12895936200.0,1.0,3889.9750400000003,3841.5066133333335,0.0076034663435319534,0.026358248692120792,0.9167477642354517,1.0512954476483751,0.7711549177582678,1.0059602986156937,-0.3119542157236055,0.31889857239989805
272,2025-07-02,000300.SH,3943.3232,3952.1378,3929.6956,3943.6849,14706306200.0,2.0,3893.7221400000003,3842.4949316666666,0.00045339527631712526,0.02633444419130121,1.0279055924308627,1.1436061687553414,0.8490295034512811,1.0326532722412463,-0.295567821673652,0.37684130950198313
273,2025-07-03,000300.SH,3949.3998,3971.616,3945.138,3968.0676,14100400600.0,3.0,3898.2477349999995,3844.271001666667,0.17350676344214133,0.032202880150660924,1.0994926673279475,1.3899016753438698,1.0437826399442214,1.3435171755624606,-0.27474550292121613,0.4308355407889224
274,2025-07-04,000300.SH,3967.4637,4013.8478,3958.3762,3982.2034,15719713300.0,4.0,3903.658700000001,3850.8170483333333,0.048749138300711294,0.03411908434432939,1.3073072467985607,1.9087201717554743,1.1894793713941503,1.4984211433706065,-0.20512490053812996,0.480016177728016
275,2025-07-07,000300.SH,3977.2881,3979.7481,3956.5663,3965.1746,13113527300.0,0.0,3907.655135,3856.057308333334,0.12854971842619486,0.028297632255322655,1.4131200478542203,1.4449927925006423,1.1446401128890367,1.2561726932710848,-0.15759461315225182,0.5109274818303835
276,2025-07-08,000300.SH,3965.426,4002.269,3965.426,3998.4527,15640289500.0,1.0,3914.3045100000004,3861.251615,0.3287948721213493,0.0355328009361026,1.2288842182162985,1.7040066285735507,1.2288842182162985,1.6547921331566093,-0.11453474600172073,0.5696283066495411
277,2025-07-09,000300.SH,3997.5044,4016.7434,3987.4267,3991.4006,17329379600.0,2.0,3919.1432799999993,3865.52304,0.03138049633822266,0.03256417273870392,1.6115754038405186,1.8581489516373146,1.4824161833700302,1.533347033288928,-0.07994245978264455,0.6072727182679546
278,2025-07-10,000300.SH,3993.4196,4032.9829,3992.5242,4010.0243,20977890400.0,3.0,3925.034535,3869.848166666667,0.08666938552979796,0.036222644221743476,1.5231846539915361,2.0261285972771566,1.5118019835161685,1.7342700107508235,-0.04770311214837132,0.6538473071841708
279,2025-07-11,000300.SH,4011.4652,4065.9419,4010.1052,4014.807,26205277300.0,4.0,3932.565775,3874.109246666667,0.001567670078751658,0.03631744599210543,1.7152878136740441,2.402841512804219,1.6981231720783319,1.7574648719715,-0.01828991426992944,0.7194934370323945
280,2025-07-14,000300.SH,4021.2135,4034.9198,4017.6678,4017.6678,20791717500.0,0.0,3939.7594099999997,3878.38313,3.0699648075403996e-06,0.03591307648865521,1.8094826465215468,1.9825812338153022,1.7647035550842225,1.7647035550842225,0.0056599321753112,0.780788694959262
281,2025-07-15,000300.SH,4023.9896,4042.6574,3994.2628,4019.0644,19104293100.0,1.0,3947.1937,3882.487196666667,0.0006087345844314927,0.03517776013545968,1.8194039916073337,2.055951365067341,1.442723479636407,1.756994756252062,0.026368826950640675,0.8462915499967936
282,2025-07-16,000300.SH,4019.3925,4027.8567,3993.9209,4007.2019,15102730800.0,2.0,3953.805255,3886.403526666667,0.0708579914705705,0.03108230334407419,1.7272798566050702,1.8336610108058047,1.4071434931756326,1.5740639474347435,0.05582591185295763,0.9029554285496835
283,2025-07-17,000300.SH,4005.067,4034.5935,4005.067,4034.491,16124904100.0,3.0,3963.375245,3890.76966,0.204771614849067,0.03693905128272231,1.5069248687885153,1.8742872807089201,1.5069248687885153,1.8730119975828528,0.08486175604278985,0.9882049502748221
284,2025-07-18,000300.SH,4039.8712,4064.6378,4039.3181,4058.5486,18621106300.0,4.0,3973.9704599999995,3895.330793333333,0.1500578781509404,0.041900884758235744,1.8852544729572425,2.1888967911020427,1.8784733820458572,2.1142422642938703,0.11316689751858476,1.0773012835385096
285,2025-07-21,000300.SH,4069.7685,4086.1171,4063.4427,4085.6072,22326847600.0,0.0,3985.35574,3900.3583766666666,0.19007497289655176,0.047495333875358176,2.1779548606189914,2.374251916227977,2.1020012062160855,2.368129565160912,0.14385356749977005,1.1644138697189637
286,2025-07-22,000300.SH,4087.3354,4119.2021,4068.3383,4118.9582,25759698500.0,1.0,3996.1019400000005,3905.8929733333334,0.2946202544750978,0.05454968380376135,2.2928288196092694,2.6645710444397017,2.0712174127385827,2.661725819529803,0.17620515391127964,1.228541353402303
287,2025-07-23,000300.SH,4129.1476,4155.6783,4113.9085,4119.7685,30050615400.0,2.0,4004.087055,3911.483158333334,0.002319030690240777,0.05324970944152441,2.6795773009432913,2.980853460186325,2.506525797653863,2.573070528594411,0.20783298250788726,1.259420250038431
288,2025-07-24,000300.SH,4116.8312,4152.4265,4111.8849,4149.0368,31963239200.0,3.0,4014.2379200000005,3917.5172099999995,0.21524081133736944,0.05909855083955084,2.434666778930787,2.8273092908444366,2.3801054279468556,2.789918390286397,0.23608590749180017,1.3029869457882064
289,2025-07-25,000300.SH,4145.3195,4150.4994,4117.8005,4127.1634,27359496300.0,4.0,4024.5082,3923.2762866666667,0.20322204265288346,0.05196858401898641,2.660032458563403,2.715927637194546,2.363080891785981,2.4641139171350277,0.26401225101123404,1.3563838950466387
290,2025-07-28,000300.SH,4128.1993,4146.12,4112.9677,4135.8242,22275981500.0,0.0,4034.4954549999993,3929.288745,0.009420376211280604,0.052563063802021553,2.3890920711052193,2.5778132923849717,2.22868951126968,2.4693891822747593,0.2943835572059767,1.4023056137118624
291,2025-07-29,000300.SH,4132.6833,4153.3307,4117.5772,4152.0247,23080788000.0,1.0,4044.9585899999997,3935.6463149999995,0.05329918220299031,0.054979123549622234,2.347703985794935,2.559790496955619,2.1925367470024337,2.5463754915033125,0.32377425525895653,1.4466109820035575
292,2025-07-30,000300.SH,4148.9405,4185.2064,4127.4301,4151.2379,24985304800.0,2.0,4055.3362399999996,3941.3579066666666,0.005282443782624778,0.05325068118739709,2.432854527632928,2.7976707635839695,2.2164710058727826,2.4559651858676346,0.3446807790475716,1.4912439843351644
293,2025-07-31,000300.SH,4141.5612,4141.8243,4063.6662,4075.5912,26708740600.0,3.0,4060.7124200000007,3945.4239766666665,1.9612876067348464,0.03299194816657107,2.315783719754466,2.3184039761841406,1.5400145270922507,1.6587775750734652,0.3624206618392099,1.510597343371841
294,2025-08-01,000300.SH,4069.9254,4085.3543,4040.462,4054.9286,19622182600.0,4.0,4064.34868,3948.791181666667,0.17925971674098318,0.026878458102850555,1.5752913167208875,1.727635434717316,1.2843713103577625,1.4272137305826118,0.3792186445810345,1.520227087274002
295,2025-08-04,000300.SH,4037.9378,4070.7023,4037.9378,4070.7023,16227590200.0,0.0,4069.6250649999993,3952.53361,0.05653295730273684,0.029896947542971043,1.232741054636531,1.5529446757545107,1.232741054636531,1.5529446757545107,0.3980959083151097,1.5424169842653916
296,2025-08-05,000300.SH,4080.3877,4106.2969,4075.5836,4103.45,17885199900.0,1.0,4074.8749300000004,3956.08095,0.2951922659997308,0.03725127262625902,1.6069221479695783,1.8565973998523255,1.5606272072701368,1.829163111082888,0.4090341731584825,1.5537980747322109
297,2025-08-06,000300.SH,4100.4283,4116.7085,4098.3544,4113.4852,17667615500.0,2.0,4080.9791600000003,3959.701398333333,0.016315924004675998,0.03883722184995961,1.7575533152789364,1.9120696079695916,1.7378698138839257,1.881477086610534,0.4219063866554869,1.5729604350427362
298,2025-08-07,000300.SH,4120.2822,4129.7382,4094.8214,4114.666,19864190200.0,3.0,4086.211245,3962.5589850000006,0.001439730762807553,0.038386056983830505,1.9013419714630766,1.9897835294702784,1.6632082129912364,1.8488138963700145,0.4261635801237574,1.5826778065949296
299,2025-08-08,000300.SH,4109.2734,4122.2104,4097.4157,4104.9669,17317120100.0,4.0,4090.71924,3965.8551133333335,0.05534293508918262,0.03507737491442098,1.7631478413331287,1.8826361602592587,1.6536281196565081,1.7233722793438464,0.4385123016356765,1.5917784830981065
300,2025-08-11,000300.SH,4110.2939,4134.2462,4103.605,4122.5106,19044371600.0,0.0,4095.9613800000006,3969.7455333333332,0.06440651826081216,0.03848233227644492,1.734058450629777,1.9521372566656632,1.6731579389589368,1.8452879922478516,0.4544059749610244,1.6035649761373376
301,2025-08-12,000300.SH,4123.5762,4153.2948,4121.2243,4143.8252,17728782300.0,1.0,4102.19942,3974.1901983333332,0.10216007815423961,0.04268416789357673,1.8064698810448852,2.0724856432920262,1.7854176621910625,1.9877217963350553,0.4692927898490618,1.6151230334110893
302,2025-08-13,000300.SH,4150.5037,4186.748,4147.1991,4176.5776,21393499900.0,2.0,4110.668205,3978.830316666667,0.2689834656722119,0.04969985337273665,1.9874153156779368,2.3050586807717437,1.958453954462818,2.215925766621102,0.4828777420721558,1.6382988840741308
303,2025-08-14,000300.SH,4179.965,4220.3109,4165.9376,4173.3131,22110359500.0,3.0,4117.60931,3983.1125233333337,0.01625861245659081,0.047751745789871416,2.184641279198741,2.5313867282277567,2.06408535872827,2.127472742807285,0.4928287179655874,1.6487367206546488
304,2025-08-15,000300.SH,4162.4205,4214.7291,4157.495,4202.3533,26132756600.0,4.0,4124.799545,3987.92066,0.20545367649389837,0.0537705381530834,1.9734253614777106,2.413090770564795,1.9320254392381824,2.3090694209247755,0.5067154220178199,1.6572128730853215
305,2025-08-18,000300.SH,4218.2471,4272.9602,4203.4191,4239.4125,30147910200.0,0.0,4132.48981,3993.872966666667,0.34518531061773006,0.06147905438721646,2.358295711691337,2.8057486818725295,2.237029823963418,2.531389926697857,0.5233261634144324,1.656958113836544
306,2025-08-19,000300.SH,4241.7651,4264.2303,4215.2075,4223.3741,25081877100.0,1.0,4137.710604999999,3999.9274233333335,0.12555335216995,0.05586268274849285,2.4717288055054705,2.651197361361085,2.2595671457387736,2.3248079585626233,0.5397514101187187,1.6404648974194165
307,2025-08-20,000300.SH,4208.4005,4272.1463,4190.5559,4271.3958,24648177300.0,2.0,4145.29197,4007.127405,0.594117600465904,0.06594958639704146,2.1209258094534826,2.615364381145837,1.9825157724562057,2.6095431953099832,0.5597691275717219,1.6314301652729477
308,2025-08-21,000300.SH,4284.3712,4308.4472,4273.6523,4288.0707,25903001400.0,3.0,4152.243665,4014.6579733333333,0.04463538338397275,0.06810361641832588,2.6097551696501133,2.7909611521530775,2.5290802732449382,2.6375991442418156,0.5797813271439719,1.6153084261973105
309,2025-08-22,000300.SH,4287.3633,4378.3881,4287.3633,4377.9977,29043489700.0,4.0,4164.785379999999,4023.3129383333335,2.1877038700261853,0.08815738847637225,2.491614284711343,3.147723913151787,2.491614284711343,3.144909897642351,0.588330952227437,1.6080687724311435
310,2025-08-25,000300.SH,4416.2924,4472.6525,4404.7761,4469.2217,35809000600.0,0.0,4181.455254999999,4033.7960949999997,2.1220485996264524,0.10794437664802202,3.2008970230367777,3.5849278216200386,3.122426369405494,3.5615507718316333,0.5946141835049632,1.6007455624935263
